"Region";"Dato";"Indlæggelser"
Hovedstaden;2020-03-01;1
Hovedstaden;2020-03-03;1
Hovedstaden;2020-03-05;1
Hovedstaden;2020-03-06;3
Sjælland;2020-03-06;1
Hovedstaden;2020-03-08;3
Hovedstaden;2020-03-09;3
Sjælland;2020-03-09;6
Hovedstaden;2020-03-10;6
Midtjylland;2020-03-10;3
Sjælland;2020-03-10;5
Syddanmark;2020-03-10;1
Hovedstaden;2020-03-11;4
Sjælland;2020-03-11;4
Syddanmark;2020-03-11;2
Hovedstaden;2020-03-12;3
Midtjylland;2020-03-12;7
Nordjylland;2020-03-12;1
Sjælland;2020-03-12;6
Syddanmark;2020-03-12;1
Hovedstaden;2020-03-13;13
Midtjylland;2020-03-13;7
Nordjylland;2020-03-13;1
Sjælland;2020-03-13;2
Syddanmark;2020-03-13;3
Hovedstaden;2020-03-14;9
Midtjylland;2020-03-14;3
Nordjylland;2020-03-14;3
Sjælland;2020-03-14;6
Syddanmark;2020-03-14;3
Hovedstaden;2020-03-15;18
Midtjylland;2020-03-15;4
Nordjylland;2020-03-15;3
Sjælland;2020-03-15;5
Syddanmark;2020-03-15;3
Hovedstaden;2020-03-16;23
Midtjylland;2020-03-16;3
Nordjylland;2020-03-16;2
Sjælland;2020-03-16;12
Syddanmark;2020-03-16;5
Hovedstaden;2020-03-17;25
Midtjylland;2020-03-17;6
Nordjylland;2020-03-17;3
Sjælland;2020-03-17;8
Syddanmark;2020-03-17;5
Hovedstaden;2020-03-18;21
Midtjylland;2020-03-18;4
Nordjylland;2020-03-18;4
Sjælland;2020-03-18;13
Syddanmark;2020-03-18;5
Hovedstaden;2020-03-19;29
Midtjylland;2020-03-19;4
Nordjylland;2020-03-19;5
Sjælland;2020-03-19;6
Syddanmark;2020-03-19;6
Hovedstaden;2020-03-20;33
Midtjylland;2020-03-20;5
Nordjylland;2020-03-20;2
Sjælland;2020-03-20;14
Syddanmark;2020-03-20;10
Hovedstaden;2020-03-21;14
Midtjylland;2020-03-21;4
Nordjylland;2020-03-21;2
Sjælland;2020-03-21;10
Syddanmark;2020-03-21;4
Hovedstaden;2020-03-22;22
Midtjylland;2020-03-22;7
Nordjylland;2020-03-22;3
Sjælland;2020-03-22;7
Syddanmark;2020-03-22;3
Hovedstaden;2020-03-23;43
Midtjylland;2020-03-23;16
Nordjylland;2020-03-23;5
Sjælland;2020-03-23;11
Syddanmark;2020-03-23;10
Hovedstaden;2020-03-24;37
Midtjylland;2020-03-24;14
Nordjylland;2020-03-24;6
Sjælland;2020-03-24;12
Syddanmark;2020-03-24;12
Hovedstaden;2020-03-25;40
Midtjylland;2020-03-25;14
Nordjylland;2020-03-25;6
Sjælland;2020-03-25;18
Syddanmark;2020-03-25;12
Hovedstaden;2020-03-26;41
Midtjylland;2020-03-26;12
Nordjylland;2020-03-26;7
Sjælland;2020-03-26;11
Syddanmark;2020-03-26;7
Hovedstaden;2020-03-27;38
Midtjylland;2020-03-27;11
Nordjylland;2020-03-27;5
Sjælland;2020-03-27;15
Syddanmark;2020-03-27;18
Hovedstaden;2020-03-28;31
Midtjylland;2020-03-28;10
Nordjylland;2020-03-28;5
Sjælland;2020-03-28;21
Syddanmark;2020-03-28;16
Hovedstaden;2020-03-29;25
Midtjylland;2020-03-29;4
Nordjylland;2020-03-29;4
Sjælland;2020-03-29;9
Syddanmark;2020-03-29;9
Hovedstaden;2020-03-30;39
Midtjylland;2020-03-30;11
Nordjylland;2020-03-30;1
Sjælland;2020-03-30;13
Syddanmark;2020-03-30;4
Hovedstaden;2020-03-31;28
Midtjylland;2020-03-31;9
Nordjylland;2020-03-31;2
Sjælland;2020-03-31;8
Syddanmark;2020-03-31;4
Hovedstaden;2020-04-01;29
Midtjylland;2020-04-01;6
Nordjylland;2020-04-01;4
Sjælland;2020-04-01;8
Syddanmark;2020-04-01;13
Hovedstaden;2020-04-02;38
Midtjylland;2020-04-02;10
Nordjylland;2020-04-02;5
Sjælland;2020-04-02;13
Syddanmark;2020-04-02;6
Hovedstaden;2020-04-03;33
Midtjylland;2020-04-03;11
Nordjylland;2020-04-03;12
Sjælland;2020-04-03;8
Syddanmark;2020-04-03;8
Hovedstaden;2020-04-04;26
Midtjylland;2020-04-04;7
Nordjylland;2020-04-04;3
Sjælland;2020-04-04;7
Hovedstaden;2020-04-05;23
Midtjylland;2020-04-05;2
Nordjylland;2020-04-05;1
Sjælland;2020-04-05;5
Syddanmark;2020-04-05;4
Hovedstaden;2020-04-06;28
Midtjylland;2020-04-06;4
Nordjylland;2020-04-06;1
Sjælland;2020-04-06;10
Syddanmark;2020-04-06;7
Hovedstaden;2020-04-07;36
Midtjylland;2020-04-07;6
Sjælland;2020-04-07;8
Syddanmark;2020-04-07;6
Hovedstaden;2020-04-08;14
Midtjylland;2020-04-08;3
Nordjylland;2020-04-08;1
Sjælland;2020-04-08;5
Syddanmark;2020-04-08;5
Hovedstaden;2020-04-09;18
Midtjylland;2020-04-09;8
Sjælland;2020-04-09;7
Syddanmark;2020-04-09;1
Hovedstaden;2020-04-10;16
Midtjylland;2020-04-10;6
Nordjylland;2020-04-10;3
Sjælland;2020-04-10;7
Syddanmark;2020-04-10;1
Hovedstaden;2020-04-11;17
Midtjylland;2020-04-11;3
Nordjylland;2020-04-11;1
Sjælland;2020-04-11;5
Syddanmark;2020-04-11;5
Hovedstaden;2020-04-12;13
Midtjylland;2020-04-12;4
Nordjylland;2020-04-12;2
Sjælland;2020-04-12;5
Syddanmark;2020-04-12;3
Hovedstaden;2020-04-13;18
Midtjylland;2020-04-13;4
Sjælland;2020-04-13;7
Syddanmark;2020-04-13;1
Hovedstaden;2020-04-14;22
Midtjylland;2020-04-14;10
Nordjylland;2020-04-14;1
Sjælland;2020-04-14;8
Syddanmark;2020-04-14;3
Hovedstaden;2020-04-15;12
Midtjylland;2020-04-15;5
Nordjylland;2020-04-15;1
Sjælland;2020-04-15;11
Syddanmark;2020-04-15;1
Hovedstaden;2020-04-16;17
Midtjylland;2020-04-16;9
Sjælland;2020-04-16;6
Syddanmark;2020-04-16;1
Hovedstaden;2020-04-17;13
Midtjylland;2020-04-17;2
Sjælland;2020-04-17;10
Syddanmark;2020-04-17;2
Hovedstaden;2020-04-18;15
Midtjylland;2020-04-18;2
Sjælland;2020-04-18;9
Syddanmark;2020-04-18;1
Hovedstaden;2020-04-19;20
Midtjylland;2020-04-19;4
Sjælland;2020-04-19;9
Hovedstaden;2020-04-20;16
Midtjylland;2020-04-20;4
Sjælland;2020-04-20;11
Syddanmark;2020-04-20;2
Hovedstaden;2020-04-21;18
Midtjylland;2020-04-21;5
Sjælland;2020-04-21;13
Syddanmark;2020-04-21;2
Hovedstaden;2020-04-22;15
Midtjylland;2020-04-22;2
Sjælland;2020-04-22;9
Syddanmark;2020-04-22;3
Hovedstaden;2020-04-23;16
Midtjylland;2020-04-23;4
Sjælland;2020-04-23;11
Syddanmark;2020-04-23;1
Hovedstaden;2020-04-24;9
Midtjylland;2020-04-24;2
Nordjylland;2020-04-24;1
Sjælland;2020-04-24;9
Syddanmark;2020-04-24;1
Hovedstaden;2020-04-25;18
Midtjylland;2020-04-25;1
Nordjylland;2020-04-25;1
Sjælland;2020-04-25;7
Hovedstaden;2020-04-26;20
Midtjylland;2020-04-26;3
Sjælland;2020-04-26;2
Syddanmark;2020-04-26;1
Hovedstaden;2020-04-27;8
Midtjylland;2020-04-27;2
Sjælland;2020-04-27;11
Hovedstaden;2020-04-28;12
Sjælland;2020-04-28;2
Syddanmark;2020-04-28;1
Hovedstaden;2020-04-29;9
Midtjylland;2020-04-29;1
Nordjylland;2020-04-29;1
Sjælland;2020-04-29;4
Hovedstaden;2020-04-30;10
Midtjylland;2020-04-30;1
Sjælland;2020-04-30;5
Hovedstaden;2020-05-01;9
Midtjylland;2020-05-01;1
Sjælland;2020-05-01;5
Syddanmark;2020-05-01;1
Hovedstaden;2020-05-02;14
Midtjylland;2020-05-02;5
Sjælland;2020-05-02;5
Hovedstaden;2020-05-03;13
Sjælland;2020-05-03;3
Hovedstaden;2020-05-04;8
Midtjylland;2020-05-04;3
Sjælland;2020-05-04;3
Hovedstaden;2020-05-05;8
Midtjylland;2020-05-05;1
Sjælland;2020-05-05;8
Hovedstaden;2020-05-06;4
Sjælland;2020-05-06;2
Hovedstaden;2020-05-07;11
Sjælland;2020-05-07;4
Hovedstaden;2020-05-08;6
Sjælland;2020-05-08;2
Syddanmark;2020-05-08;1
Hovedstaden;2020-05-09;4
Midtjylland;2020-05-09;3
Sjælland;2020-05-09;3
Hovedstaden;2020-05-10;7
Sjælland;2020-05-10;2
Syddanmark;2020-05-10;1
Hovedstaden;2020-05-11;6
Sjælland;2020-05-11;1
Syddanmark;2020-05-11;1
Hovedstaden;2020-05-12;6
Midtjylland;2020-05-12;2
Hovedstaden;2020-05-13;4
Sjælland;2020-05-13;2
Hovedstaden;2020-05-14;9
Sjælland;2020-05-14;2
Syddanmark;2020-05-14;2
Hovedstaden;2020-05-15;5
Nordjylland;2020-05-15;1
Sjælland;2020-05-15;7
Syddanmark;2020-05-15;4
Hovedstaden;2020-05-16;1
Midtjylland;2020-05-16;1
Sjælland;2020-05-16;1
Syddanmark;2020-05-16;2
Hovedstaden;2020-05-17;2
Midtjylland;2020-05-17;2
Hovedstaden;2020-05-18;9
Midtjylland;2020-05-18;1
Sjælland;2020-05-18;2
Syddanmark;2020-05-18;2
Hovedstaden;2020-05-19;5
Midtjylland;2020-05-19;1
Sjælland;2020-05-19;2
Hovedstaden;2020-05-20;2
Midtjylland;2020-05-20;2
Sjælland;2020-05-20;3
Hovedstaden;2020-05-21;3
Sjælland;2020-05-21;3
Hovedstaden;2020-05-22;9
Midtjylland;2020-05-22;2
Sjælland;2020-05-22;2
Hovedstaden;2020-05-23;6
Midtjylland;2020-05-23;2
Sjælland;2020-05-23;3
Hovedstaden;2020-05-24;1
Sjælland;2020-05-24;1
Hovedstaden;2020-05-25;4
Syddanmark;2020-05-25;2
Hovedstaden;2020-05-26;7
Nordjylland;2020-05-26;1
Syddanmark;2020-05-26;3
Hovedstaden;2020-05-27;5
Sjælland;2020-05-27;2
Hovedstaden;2020-05-28;5
Hovedstaden;2020-05-29;8
Sjælland;2020-05-29;1
Hovedstaden;2020-05-30;5
Midtjylland;2020-05-30;1
Sjælland;2020-05-30;1
Hovedstaden;2020-05-31;3
Syddanmark;2020-05-31;1
Hovedstaden;2020-06-01;3
Midtjylland;2020-06-01;1
Syddanmark;2020-06-01;1
Hovedstaden;2020-06-02;4
Sjælland;2020-06-02;2
Hovedstaden;2020-06-03;1
Sjælland;2020-06-03;2
Hovedstaden;2020-06-04;2
Sjælland;2020-06-04;2
Syddanmark;2020-06-04;2
Hovedstaden;2020-06-05;7
Sjælland;2020-06-05;1
Syddanmark;2020-06-05;1
Hovedstaden;2020-06-06;2
Hovedstaden;2020-06-07;3
Syddanmark;2020-06-07;1
Hovedstaden;2020-06-08;3
Sjælland;2020-06-08;1
Sjælland;2020-06-09;1
Nordjylland;2020-06-10;1
Nordjylland;2020-06-11;1
Hovedstaden;2020-06-12;3
Nordjylland;2020-06-12;1
Sjælland;2020-06-12;2
Hovedstaden;2020-06-13;4
Sjælland;2020-06-13;1
Hovedstaden;2020-06-14;2
Hovedstaden;2020-06-15;2
Midtjylland;2020-06-15;1
Sjælland;2020-06-15;1
Hovedstaden;2020-06-16;2
Nordjylland;2020-06-16;1
Sjælland;2020-06-16;4
Hovedstaden;2020-06-17;2
Nordjylland;2020-06-17;2
Syddanmark;2020-06-17;1
Hovedstaden;2020-06-18;3
Midtjylland;2020-06-18;1
Nordjylland;2020-06-18;1
Hovedstaden;2020-06-19;2
Sjælland;2020-06-19;2
Hovedstaden;2020-06-20;1
Nordjylland;2020-06-20;2
Sjælland;2020-06-20;1
Hovedstaden;2020-06-21;2
Midtjylland;2020-06-21;1
Nordjylland;2020-06-21;1
Hovedstaden;2020-06-22;2
Nordjylland;2020-06-22;2
Sjælland;2020-06-22;2
Hovedstaden;2020-06-23;1
Midtjylland;2020-06-23;2
Nordjylland;2020-06-23;1
Hovedstaden;2020-06-24;3
Nordjylland;2020-06-24;3
Hovedstaden;2020-06-25;3
Nordjylland;2020-06-25;1
Sjælland;2020-06-25;1
Hovedstaden;2020-06-26;1
Hovedstaden;2020-06-27;1
Midtjylland;2020-06-27;1
Nordjylland;2020-06-27;1
Sjælland;2020-06-27;1
Hovedstaden;2020-06-28;1
Nordjylland;2020-06-28;4
Sjælland;2020-06-28;1
Hovedstaden;2020-06-29;1
Nordjylland;2020-06-29;2
Hovedstaden;2020-07-01;1
Sjælland;2020-07-01;1
Hovedstaden;2020-07-02;2
Nordjylland;2020-07-02;1
Syddanmark;2020-07-02;1
Hovedstaden;2020-07-03;1
Midtjylland;2020-07-03;1
Sjælland;2020-07-03;1
Hovedstaden;2020-07-05;2
Syddanmark;2020-07-05;1
Hovedstaden;2020-07-06;2
Sjælland;2020-07-06;2
Hovedstaden;2020-07-07;1
Nordjylland;2020-07-07;1
Nordjylland;2020-07-08;1
Hovedstaden;2020-07-09;1
Sjælland;2020-07-09;1
Syddanmark;2020-07-09;1
Hovedstaden;2020-07-10;1
Nordjylland;2020-07-10;2
Hovedstaden;2020-07-11;4
Nordjylland;2020-07-11;1
Hovedstaden;2020-07-12;1
Hovedstaden;2020-07-14;3
Midtjylland;2020-07-14;1
Hovedstaden;2020-07-15;3
Sjælland;2020-07-15;2
Hovedstaden;2020-07-16;1
Hovedstaden;2020-07-17;2
Nordjylland;2020-07-17;1
Sjælland;2020-07-17;1
Hovedstaden;2020-07-18;2
Hovedstaden;2020-07-19;1
Sjælland;2020-07-19;1
Hovedstaden;2020-07-20;3
Sjælland;2020-07-20;1
Hovedstaden;2020-07-21;2
Hovedstaden;2020-07-22;3
Midtjylland;2020-07-22;1
Hovedstaden;2020-07-23;1
Nordjylland;2020-07-23;1
Sjælland;2020-07-24;1
Syddanmark;2020-07-24;1
Hovedstaden;2020-07-25;2
Sjælland;2020-07-25;2
Syddanmark;2020-07-25;1
Hovedstaden;2020-07-26;2
Sjælland;2020-07-26;1
Hovedstaden;2020-07-27;2
Sjælland;2020-07-27;1
Hovedstaden;2020-07-28;1
Sjælland;2020-07-28;1
Hovedstaden;2020-07-29;3
Midtjylland;2020-07-29;2
Sjælland;2020-07-29;2
Hovedstaden;2020-07-30;2
Nordjylland;2020-07-30;1
Sjælland;2020-07-30;2
Midtjylland;2020-07-31;2
Syddanmark;2020-07-31;1
Midtjylland;2020-08-01;3
Sjælland;2020-08-01;1
Sjælland;2020-08-02;2
Hovedstaden;2020-08-03;1
Midtjylland;2020-08-03;3
Sjælland;2020-08-03;2
Syddanmark;2020-08-03;1
Hovedstaden;2020-08-04;1
Midtjylland;2020-08-04;1
Sjælland;2020-08-04;3
Hovedstaden;2020-08-05;3
Midtjylland;2020-08-05;4
Midtjylland;2020-08-06;1
Nordjylland;2020-08-06;1
Sjælland;2020-08-06;1
Syddanmark;2020-08-06;1
Hovedstaden;2020-08-07;2
Midtjylland;2020-08-07;3
Midtjylland;2020-08-08;2
Sjælland;2020-08-08;1
Hovedstaden;2020-08-09;1
Midtjylland;2020-08-09;1
Sjælland;2020-08-09;1
Hovedstaden;2020-08-10;1
Midtjylland;2020-08-10;2
Sjælland;2020-08-10;1
Hovedstaden;2020-08-11;1
Midtjylland;2020-08-11;1
Sjælland;2020-08-11;1
Hovedstaden;2020-08-12;1
Nordjylland;2020-08-12;1
Sjælland;2020-08-12;1
Hovedstaden;2020-08-13;2
Nordjylland;2020-08-13;1
Hovedstaden;2020-08-14;2
Midtjylland;2020-08-14;2
Sjælland;2020-08-14;1
Sjælland;2020-08-15;2
Hovedstaden;2020-08-16;1
Midtjylland;2020-08-16;3
Nordjylland;2020-08-16;1
Hovedstaden;2020-08-17;2
Midtjylland;2020-08-17;3
Nordjylland;2020-08-17;1
Sjælland;2020-08-17;2
Hovedstaden;2020-08-18;1
Hovedstaden;2020-08-19;1
Midtjylland;2020-08-19;1
Nordjylland;2020-08-19;1
Sjælland;2020-08-19;1
Syddanmark;2020-08-19;1
Hovedstaden;2020-08-20;2
Midtjylland;2020-08-20;5
Sjælland;2020-08-20;1
Midtjylland;2020-08-21;2
Nordjylland;2020-08-21;2
Syddanmark;2020-08-21;1
Hovedstaden;2020-08-22;2
Nordjylland;2020-08-22;1
Hovedstaden;2020-08-23;1
Midtjylland;2020-08-23;1
Nordjylland;2020-08-23;1
Syddanmark;2020-08-23;1
Hovedstaden;2020-08-24;1
Midtjylland;2020-08-24;1
Hovedstaden;2020-08-25;3
Midtjylland;2020-08-25;1
Hovedstaden;2020-08-26;2
Nordjylland;2020-08-26;1
Sjælland;2020-08-26;4
Sjælland;2020-08-27;1
Hovedstaden;2020-08-28;2
Midtjylland;2020-08-28;1
Nordjylland;2020-08-28;1
Hovedstaden;2020-08-29;2
Hovedstaden;2020-08-30;3
Midtjylland;2020-08-30;1
Hovedstaden;2020-08-31;2
Midtjylland;2020-08-31;1
Sjælland;2020-08-31;2
Syddanmark;2020-08-31;1
Hovedstaden;2020-09-01;1
Hovedstaden;2020-09-02;2
Syddanmark;2020-09-02;2
Hovedstaden;2020-09-03;2
Midtjylland;2020-09-03;1
Hovedstaden;2020-09-04;4
Midtjylland;2020-09-04;2
Syddanmark;2020-09-04;2
Hovedstaden;2020-09-05;6
Midtjylland;2020-09-05;4
Nordjylland;2020-09-05;2
Syddanmark;2020-09-05;1
Hovedstaden;2020-09-06;6
Midtjylland;2020-09-06;1
Nordjylland;2020-09-06;1
Syddanmark;2020-09-06;1
Hovedstaden;2020-09-07;5
Midtjylland;2020-09-07;1
Syddanmark;2020-09-07;1
Hovedstaden;2020-09-08;2
Nordjylland;2020-09-08;1
Sjælland;2020-09-08;1
Syddanmark;2020-09-08;2
Hovedstaden;2020-09-09;8
Midtjylland;2020-09-09;1
Nordjylland;2020-09-09;1
Sjælland;2020-09-09;1
Syddanmark;2020-09-09;2
Hovedstaden;2020-09-10;10
Midtjylland;2020-09-10;1
Nordjylland;2020-09-10;2
Sjælland;2020-09-10;1
Hovedstaden;2020-09-11;4
Midtjylland;2020-09-11;3
Nordjylland;2020-09-11;1
Sjælland;2020-09-11;3
Hovedstaden;2020-09-12;10
Midtjylland;2020-09-12;2
Nordjylland;2020-09-12;1
Sjælland;2020-09-12;1
Syddanmark;2020-09-12;3
Hovedstaden;2020-09-13;5
Midtjylland;2020-09-13;1
Sjælland;2020-09-13;2
Syddanmark;2020-09-13;2
Hovedstaden;2020-09-14;7
Nordjylland;2020-09-14;2
Sjælland;2020-09-14;2
Syddanmark;2020-09-14;2
Hovedstaden;2020-09-15;9
Midtjylland;2020-09-15;3
Nordjylland;2020-09-15;1
Hovedstaden;2020-09-16;12
Midtjylland;2020-09-16;2
Nordjylland;2020-09-16;3
Sjælland;2020-09-16;1
Syddanmark;2020-09-16;2
Hovedstaden;2020-09-17;3
Midtjylland;2020-09-17;3
Nordjylland;2020-09-17;3
Sjælland;2020-09-17;3
Hovedstaden;2020-09-18;9
Midtjylland;2020-09-18;1
Nordjylland;2020-09-18;1
Sjælland;2020-09-18;2
Hovedstaden;2020-09-19;10
Midtjylland;2020-09-19;4
Nordjylland;2020-09-19;4
Sjælland;2020-09-19;2
Syddanmark;2020-09-19;4
Hovedstaden;2020-09-20;13
Midtjylland;2020-09-20;3
Nordjylland;2020-09-20;1
Syddanmark;2020-09-20;2
Hovedstaden;2020-09-21;10
Midtjylland;2020-09-21;1
Nordjylland;2020-09-21;4
Sjælland;2020-09-21;1
Syddanmark;2020-09-21;4
Hovedstaden;2020-09-22;9
Midtjylland;2020-09-22;2
Sjælland;2020-09-22;2
Syddanmark;2020-09-22;1
Hovedstaden;2020-09-23;12
Midtjylland;2020-09-23;2
Nordjylland;2020-09-23;3
Sjælland;2020-09-23;5
Syddanmark;2020-09-23;2
Hovedstaden;2020-09-24;10
Midtjylland;2020-09-24;4
Nordjylland;2020-09-24;3
Sjælland;2020-09-24;3
Syddanmark;2020-09-24;6
Hovedstaden;2020-09-25;12
Midtjylland;2020-09-25;1
Nordjylland;2020-09-25;2
Sjælland;2020-09-25;1
Syddanmark;2020-09-25;2
Hovedstaden;2020-09-26;5
Midtjylland;2020-09-26;4
Nordjylland;2020-09-26;1
Sjælland;2020-09-26;2
Hovedstaden;2020-09-27;11
Midtjylland;2020-09-27;2
Nordjylland;2020-09-27;1
Sjælland;2020-09-27;3
Syddanmark;2020-09-27;3
Hovedstaden;2020-09-28;13
Midtjylland;2020-09-28;1
Sjælland;2020-09-28;1
Syddanmark;2020-09-28;6
Hovedstaden;2020-09-29;6
Midtjylland;2020-09-29;4
Nordjylland;2020-09-29;2
Syddanmark;2020-09-29;2
Hovedstaden;2020-09-30;8
Midtjylland;2020-09-30;5
Sjælland;2020-09-30;4
Syddanmark;2020-09-30;2
Hovedstaden;2020-10-01;7
Midtjylland;2020-10-01;8
Nordjylland;2020-10-01;2
Sjælland;2020-10-01;2
Syddanmark;2020-10-01;4
Hovedstaden;2020-10-02;6
Midtjylland;2020-10-02;4
Nordjylland;2020-10-02;3
Sjælland;2020-10-02;5
Syddanmark;2020-10-02;1
Hovedstaden;2020-10-03;9
Midtjylland;2020-10-03;2
Hovedstaden;2020-10-04;11
Midtjylland;2020-10-04;3
Nordjylland;2020-10-04;1
Sjælland;2020-10-04;1
Syddanmark;2020-10-04;4
Hovedstaden;2020-10-05;15
Midtjylland;2020-10-05;8
Nordjylland;2020-10-05;2
Sjælland;2020-10-05;3
Syddanmark;2020-10-05;2
Hovedstaden;2020-10-06;7
Midtjylland;2020-10-06;1
Syddanmark;2020-10-06;2
Hovedstaden;2020-10-07;9
Midtjylland;2020-10-07;3
Nordjylland;2020-10-07;1
Sjælland;2020-10-07;2
Syddanmark;2020-10-07;1
Hovedstaden;2020-10-08;3
Midtjylland;2020-10-08;4
Sjælland;2020-10-08;1
Syddanmark;2020-10-08;1
Hovedstaden;2020-10-09;3
Midtjylland;2020-10-09;4
Nordjylland;2020-10-09;2
Sjælland;2020-10-09;2
Syddanmark;2020-10-09;3
Hovedstaden;2020-10-10;5
Midtjylland;2020-10-10;2
Nordjylland;2020-10-10;3
Sjælland;2020-10-10;2
Syddanmark;2020-10-10;2
Hovedstaden;2020-10-11;6
Midtjylland;2020-10-11;3
Nordjylland;2020-10-11;2
Sjælland;2020-10-11;1
Syddanmark;2020-10-11;2
Hovedstaden;2020-10-12;12
Midtjylland;2020-10-12;8
Nordjylland;2020-10-12;1
Sjælland;2020-10-12;1
Syddanmark;2020-10-12;2
Hovedstaden;2020-10-13;8
Midtjylland;2020-10-13;4
Nordjylland;2020-10-13;1
Sjælland;2020-10-13;1
Syddanmark;2020-10-13;3
Hovedstaden;2020-10-14;10
Midtjylland;2020-10-14;5
Nordjylland;2020-10-14;2
Sjælland;2020-10-14;1
Syddanmark;2020-10-14;2
Hovedstaden;2020-10-15;11
Midtjylland;2020-10-15;4
Nordjylland;2020-10-15;5
Syddanmark;2020-10-15;1
Hovedstaden;2020-10-16;8
Midtjylland;2020-10-16;5
Nordjylland;2020-10-16;1
Sjælland;2020-10-16;3
Syddanmark;2020-10-16;1
Hovedstaden;2020-10-17;8
Midtjylland;2020-10-17;3
Nordjylland;2020-10-17;1
Sjælland;2020-10-17;2
Syddanmark;2020-10-17;1
Hovedstaden;2020-10-18;10
Midtjylland;2020-10-18;6
Nordjylland;2020-10-18;3
Syddanmark;2020-10-18;5
Hovedstaden;2020-10-19;10
Midtjylland;2020-10-19;5
Nordjylland;2020-10-19;1
Sjælland;2020-10-19;5
Syddanmark;2020-10-19;3
Hovedstaden;2020-10-20;10
Midtjylland;2020-10-20;3
Nordjylland;2020-10-20;1
Sjælland;2020-10-20;1
Syddanmark;2020-10-20;4
Hovedstaden;2020-10-21;13
Midtjylland;2020-10-21;5
Nordjylland;2020-10-21;1
Sjælland;2020-10-21;2
Syddanmark;2020-10-21;4
Hovedstaden;2020-10-22;12
Midtjylland;2020-10-22;2
Sjælland;2020-10-22;2
Syddanmark;2020-10-22;2
Hovedstaden;2020-10-23;11
Midtjylland;2020-10-23;3
Nordjylland;2020-10-23;4
Sjælland;2020-10-23;5
Syddanmark;2020-10-23;2
Hovedstaden;2020-10-24;11
Midtjylland;2020-10-24;4
Nordjylland;2020-10-24;2
Sjælland;2020-10-24;3
Syddanmark;2020-10-24;2
Hovedstaden;2020-10-25;13
Midtjylland;2020-10-25;2
Nordjylland;2020-10-25;3
Sjælland;2020-10-25;1
Syddanmark;2020-10-25;7
Hovedstaden;2020-10-26;12
Midtjylland;2020-10-26;6
Nordjylland;2020-10-26;3
Sjælland;2020-10-26;7
Syddanmark;2020-10-26;3
Hovedstaden;2020-10-27;16
Midtjylland;2020-10-27;9
Nordjylland;2020-10-27;4
Sjælland;2020-10-27;1
Syddanmark;2020-10-27;4
Hovedstaden;2020-10-28;12
Midtjylland;2020-10-28;6
Nordjylland;2020-10-28;5
Sjælland;2020-10-28;2
Syddanmark;2020-10-28;5
Hovedstaden;2020-10-29;18
Midtjylland;2020-10-29;5
Nordjylland;2020-10-29;4
Sjælland;2020-10-29;2
Syddanmark;2020-10-29;8
Hovedstaden;2020-10-30;11
Midtjylland;2020-10-30;8
Nordjylland;2020-10-30;5
Sjælland;2020-10-30;4
Syddanmark;2020-10-30;5
Hovedstaden;2020-10-31;21
Midtjylland;2020-10-31;4
Nordjylland;2020-10-31;4
Sjælland;2020-10-31;5
Syddanmark;2020-10-31;6
Hovedstaden;2020-11-01;15
Midtjylland;2020-11-01;8
Sjælland;2020-11-01;1
Syddanmark;2020-11-01;12
Hovedstaden;2020-11-02;21
Midtjylland;2020-11-02;4
Nordjylland;2020-11-02;3
Sjælland;2020-11-02;4
Syddanmark;2020-11-02;8
Hovedstaden;2020-11-03;21
Midtjylland;2020-11-03;4
Nordjylland;2020-11-03;7
Sjælland;2020-11-03;6
Syddanmark;2020-11-03;3
Hovedstaden;2020-11-04;22
Midtjylland;2020-11-04;7
Nordjylland;2020-11-04;6
Sjælland;2020-11-04;11
Syddanmark;2020-11-04;6
Hovedstaden;2020-11-05;16
Midtjylland;2020-11-05;6
Nordjylland;2020-11-05;5
Sjælland;2020-11-05;8
Syddanmark;2020-11-05;11
Hovedstaden;2020-11-06;14
Midtjylland;2020-11-06;8
Nordjylland;2020-11-06;2
Sjælland;2020-11-06;2
Syddanmark;2020-11-06;6
Hovedstaden;2020-11-07;12
Midtjylland;2020-11-07;4
Nordjylland;2020-11-07;4
Sjælland;2020-11-07;5
Syddanmark;2020-11-07;3
Hovedstaden;2020-11-08;14
Midtjylland;2020-11-08;6
Nordjylland;2020-11-08;4
Sjælland;2020-11-08;7
Syddanmark;2020-11-08;7
Hovedstaden;2020-11-09;25
Midtjylland;2020-11-09;11
Nordjylland;2020-11-09;6
Sjælland;2020-11-09;8
Syddanmark;2020-11-09;6
Hovedstaden;2020-11-10;16
Midtjylland;2020-11-10;7
Nordjylland;2020-11-10;2
Sjælland;2020-11-10;6
Syddanmark;2020-11-10;6
Hovedstaden;2020-11-11;26
Midtjylland;2020-11-11;8
Nordjylland;2020-11-11;3
Sjælland;2020-11-11;6
Syddanmark;2020-11-11;3
Hovedstaden;2020-11-12;14
Midtjylland;2020-11-12;10
Sjælland;2020-11-12;3
Syddanmark;2020-11-12;5
Hovedstaden;2020-11-13;18
Midtjylland;2020-11-13;10
Nordjylland;2020-11-13;3
Sjælland;2020-11-13;5
Syddanmark;2020-11-13;3
Hovedstaden;2020-11-14;16
Midtjylland;2020-11-14;6
Nordjylland;2020-11-14;2
Sjælland;2020-11-14;7
Syddanmark;2020-11-14;2
Hovedstaden;2020-11-15;19
Midtjylland;2020-11-15;8
Sjælland;2020-11-15;3
Syddanmark;2020-11-15;2
Hovedstaden;2020-11-16;26
Midtjylland;2020-11-16;11
Nordjylland;2020-11-16;4
Sjælland;2020-11-16;6
Syddanmark;2020-11-16;4
Hovedstaden;2020-11-17;28
Midtjylland;2020-11-17;15
Nordjylland;2020-11-17;3
Sjælland;2020-11-17;4
Syddanmark;2020-11-17;11
Hovedstaden;2020-11-18;19
Midtjylland;2020-11-18;11
Nordjylland;2020-11-18;3
Sjælland;2020-11-18;6
Syddanmark;2020-11-18;7
Hovedstaden;2020-11-19;15
Midtjylland;2020-11-19;10
Nordjylland;2020-11-19;1
Sjælland;2020-11-19;9
Syddanmark;2020-11-19;6
Hovedstaden;2020-11-20;16
Midtjylland;2020-11-20;11
Nordjylland;2020-11-20;3
Sjælland;2020-11-20;4
Syddanmark;2020-11-20;7
Hovedstaden;2020-11-21;14
Midtjylland;2020-11-21;4
Sjælland;2020-11-21;5
Syddanmark;2020-11-21;7
Hovedstaden;2020-11-22;23
Midtjylland;2020-11-22;4
Nordjylland;2020-11-22;4
Sjælland;2020-11-22;3
Syddanmark;2020-11-22;5
Hovedstaden;2020-11-23;22
Midtjylland;2020-11-23;9
Nordjylland;2020-11-23;1
Sjælland;2020-11-23;7
Syddanmark;2020-11-23;8
Hovedstaden;2020-11-24;14
Midtjylland;2020-11-24;12
Nordjylland;2020-11-24;4
Sjælland;2020-11-24;5
Syddanmark;2020-11-24;5
Hovedstaden;2020-11-25;21
Midtjylland;2020-11-25;10
Nordjylland;2020-11-25;5
Sjælland;2020-11-25;8
Syddanmark;2020-11-25;4
Hovedstaden;2020-11-26;20
Midtjylland;2020-11-26;3
Nordjylland;2020-11-26;3
Sjælland;2020-11-26;7
Syddanmark;2020-11-26;11
Hovedstaden;2020-11-27;16
Midtjylland;2020-11-27;7
Nordjylland;2020-11-27;2
Sjælland;2020-11-27;3
Syddanmark;2020-11-27;2
Hovedstaden;2020-11-28;9
Midtjylland;2020-11-28;8
Nordjylland;2020-11-28;3
Sjælland;2020-11-28;5
Syddanmark;2020-11-28;5
Hovedstaden;2020-11-29;16
Midtjylland;2020-11-29;7
Sjælland;2020-11-29;7
Syddanmark;2020-11-29;4
Hovedstaden;2020-11-30;26
Midtjylland;2020-11-30;4
Nordjylland;2020-11-30;1
Sjælland;2020-11-30;4
Syddanmark;2020-11-30;9
Hovedstaden;2020-12-01;21
Midtjylland;2020-12-01;17
Nordjylland;2020-12-01;2
Sjælland;2020-12-01;3
Syddanmark;2020-12-01;7
Hovedstaden;2020-12-02;24
Midtjylland;2020-12-02;12
Nordjylland;2020-12-02;2
Sjælland;2020-12-02;5
Syddanmark;2020-12-02;7
Hovedstaden;2020-12-03;33
Midtjylland;2020-12-03;8
Sjælland;2020-12-03;9
Syddanmark;2020-12-03;5
Hovedstaden;2020-12-04;26
Midtjylland;2020-12-04;14
Nordjylland;2020-12-04;2
Sjælland;2020-12-04;9
Syddanmark;2020-12-04;4
Hovedstaden;2020-12-05;37
Midtjylland;2020-12-05;11
Nordjylland;2020-12-05;2
Sjælland;2020-12-05;12
Syddanmark;2020-12-05;5
Hovedstaden;2020-12-06;42
Midtjylland;2020-12-06;10
Sjælland;2020-12-06;13
Syddanmark;2020-12-06;4
Hovedstaden;2020-12-07;58
Midtjylland;2020-12-07;14
Nordjylland;2020-12-07;1
Sjælland;2020-12-07;12
Syddanmark;2020-12-07;6
Hovedstaden;2020-12-08;39
Midtjylland;2020-12-08;8
Nordjylland;2020-12-08;3
Sjælland;2020-12-08;8
Syddanmark;2020-12-08;4
Hovedstaden;2020-12-09;46
Midtjylland;2020-12-09;13
Nordjylland;2020-12-09;1
Sjælland;2020-12-09;9
Syddanmark;2020-12-09;6
Hovedstaden;2020-12-10;55
Midtjylland;2020-12-10;14
Nordjylland;2020-12-10;1
Sjælland;2020-12-10;17
Syddanmark;2020-12-10;12
Hovedstaden;2020-12-11;48
Midtjylland;2020-12-11;24
Nordjylland;2020-12-11;1
Sjælland;2020-12-11;15
Syddanmark;2020-12-11;6
Hovedstaden;2020-12-12;56
Midtjylland;2020-12-12;10
Nordjylland;2020-12-12;4
Sjælland;2020-12-12;7
Syddanmark;2020-12-12;6
Hovedstaden;2020-12-13;57
Midtjylland;2020-12-13;11
Nordjylland;2020-12-13;3
Sjælland;2020-12-13;19
Syddanmark;2020-12-13;13
Hovedstaden;2020-12-14;72
Midtjylland;2020-12-14;17
Nordjylland;2020-12-14;2
Sjælland;2020-12-14;25
Syddanmark;2020-12-14;11
Hovedstaden;2020-12-15;75
Midtjylland;2020-12-15;20
Nordjylland;2020-12-15;4
Sjælland;2020-12-15;35
Syddanmark;2020-12-15;13
Hovedstaden;2020-12-16;91
Midtjylland;2020-12-16;12
Nordjylland;2020-12-16;6
Sjælland;2020-12-16;19
Syddanmark;2020-12-16;11
Hovedstaden;2020-12-17;87
Midtjylland;2020-12-17;22
Nordjylland;2020-12-17;6
Sjælland;2020-12-17;23
Syddanmark;2020-12-17;8
Hovedstaden;2020-12-18;85
Midtjylland;2020-12-18;17
Nordjylland;2020-12-18;7
Sjælland;2020-12-18;27
Syddanmark;2020-12-18;11
Hovedstaden;2020-12-19;92
Midtjylland;2020-12-19;20
Nordjylland;2020-12-19;10
Sjælland;2020-12-19;18
Syddanmark;2020-12-19;12
Hovedstaden;2020-12-20;67
Midtjylland;2020-12-20;19
Nordjylland;2020-12-20;7
Sjælland;2020-12-20;24
Syddanmark;2020-12-20;11
Hovedstaden;2020-12-21;102
Midtjylland;2020-12-21;21
Nordjylland;2020-12-21;11
Sjælland;2020-12-21;29
Syddanmark;2020-12-21;19
Hovedstaden;2020-12-22;78
Midtjylland;2020-12-22;19
Nordjylland;2020-12-22;8
Sjælland;2020-12-22;31
Syddanmark;2020-12-22;12
Hovedstaden;2020-12-23;73
Midtjylland;2020-12-23;26
Nordjylland;2020-12-23;14
Sjælland;2020-12-23;24
Syddanmark;2020-12-23;16
Hovedstaden;2020-12-24;67
Midtjylland;2020-12-24;21
Nordjylland;2020-12-24;6
Sjælland;2020-12-24;20
Syddanmark;2020-12-24;7
Hovedstaden;2020-12-25;100
Midtjylland;2020-12-25;25
Nordjylland;2020-12-25;4
Sjælland;2020-12-25;25
Syddanmark;2020-12-25;13
Hovedstaden;2020-12-26;83
Midtjylland;2020-12-26;21
Nordjylland;2020-12-26;9
Sjælland;2020-12-26;17
Syddanmark;2020-12-26;14
Hovedstaden;2020-12-27;77
Midtjylland;2020-12-27;17
Nordjylland;2020-12-27;10
Sjælland;2020-12-27;23
Syddanmark;2020-12-27;11
Hovedstaden;2020-12-28;89
Midtjylland;2020-12-28;41
Nordjylland;2020-12-28;8
Sjælland;2020-12-28;38
Syddanmark;2020-12-28;33
Hovedstaden;2020-12-29;80
Midtjylland;2020-12-29;29
Nordjylland;2020-12-29;4
Sjælland;2020-12-29;20
Syddanmark;2020-12-29;10
Hovedstaden;2020-12-30;71
Midtjylland;2020-12-30;17
Nordjylland;2020-12-30;4
Sjælland;2020-12-30;24
Syddanmark;2020-12-30;11
Hovedstaden;2020-12-31;61
Midtjylland;2020-12-31;13
Nordjylland;2020-12-31;10
Sjælland;2020-12-31;19
Syddanmark;2020-12-31;18
Hovedstaden;2021-01-01;79
Midtjylland;2021-01-01;21
Nordjylland;2021-01-01;10
Sjælland;2021-01-01;21
Syddanmark;2021-01-01;17
Hovedstaden;2021-01-02;63
Midtjylland;2021-01-02;18
Nordjylland;2021-01-02;13
Sjælland;2021-01-02;32
Syddanmark;2021-01-02;11
Hovedstaden;2021-01-03;54
Midtjylland;2021-01-03;10
Nordjylland;2021-01-03;12
Sjælland;2021-01-03;27
Syddanmark;2021-01-03;12
Hovedstaden;2021-01-04;66
Midtjylland;2021-01-04;28
Nordjylland;2021-01-04;13
Sjælland;2021-01-04;37
Syddanmark;2021-01-04;13
Hovedstaden;2021-01-05;43
Midtjylland;2021-01-05;21
Nordjylland;2021-01-05;6
Sjælland;2021-01-05;20
Syddanmark;2021-01-05;15
Hovedstaden;2021-01-06;64
Midtjylland;2021-01-06;22
Nordjylland;2021-01-06;8
Sjælland;2021-01-06;28
Syddanmark;2021-01-06;12
Hovedstaden;2021-01-07;73
Midtjylland;2021-01-07;17
Nordjylland;2021-01-07;10
Sjælland;2021-01-07;22
Syddanmark;2021-01-07;17
Hovedstaden;2021-01-08;50
Midtjylland;2021-01-08;22
Nordjylland;2021-01-08;9
Sjælland;2021-01-08;27
Syddanmark;2021-01-08;10
Hovedstaden;2021-01-09;62
Midtjylland;2021-01-09;13
Nordjylland;2021-01-09;7
Sjælland;2021-01-09;17
Syddanmark;2021-01-09;14
Hovedstaden;2021-01-10;42
Midtjylland;2021-01-10;16
Nordjylland;2021-01-10;13
Sjælland;2021-01-10;23
Syddanmark;2021-01-10;13
Hovedstaden;2021-01-11;50
Midtjylland;2021-01-11;25
Nordjylland;2021-01-11;5
Sjælland;2021-01-11;24
Syddanmark;2021-01-11;19
Hovedstaden;2021-01-12;45
Midtjylland;2021-01-12;23
Nordjylland;2021-01-12;5
Sjælland;2021-01-12;14
Syddanmark;2021-01-12;11
Hovedstaden;2021-01-13;57
Midtjylland;2021-01-13;12
Nordjylland;2021-01-13;6
Sjælland;2021-01-13;25
Syddanmark;2021-01-13;6
Hovedstaden;2021-01-14;41
Midtjylland;2021-01-14;17
Nordjylland;2021-01-14;5
Sjælland;2021-01-14;15
Syddanmark;2021-01-14;10
Hovedstaden;2021-01-15;37
Midtjylland;2021-01-15;15
Nordjylland;2021-01-15;6
Sjælland;2021-01-15;22
Syddanmark;2021-01-15;21
Hovedstaden;2021-01-16;33
Midtjylland;2021-01-16;13
Nordjylland;2021-01-16;5
Sjælland;2021-01-16;13
Syddanmark;2021-01-16;14
Hovedstaden;2021-01-17;42
Midtjylland;2021-01-17;5
Nordjylland;2021-01-17;7
Sjælland;2021-01-17;15
Syddanmark;2021-01-17;12
Hovedstaden;2021-01-18;58
Midtjylland;2021-01-18;21
Nordjylland;2021-01-18;11
Sjælland;2021-01-18;21
Syddanmark;2021-01-18;17
Hovedstaden;2021-01-19;44
Midtjylland;2021-01-19;10
Nordjylland;2021-01-19;14
Sjælland;2021-01-19;21
Syddanmark;2021-01-19;18
Hovedstaden;2021-01-20;30
Midtjylland;2021-01-20;7
Nordjylland;2021-01-20;11
Sjælland;2021-01-20;9
Syddanmark;2021-01-20;10
Hovedstaden;2021-01-21;47
Midtjylland;2021-01-21;9
Nordjylland;2021-01-21;7
Sjælland;2021-01-21;16
Syddanmark;2021-01-21;10
Hovedstaden;2021-01-22;39
Midtjylland;2021-01-22;11
Nordjylland;2021-01-22;6
Sjælland;2021-01-22;15
Syddanmark;2021-01-22;9
Hovedstaden;2021-01-23;35
Midtjylland;2021-01-23;4
Nordjylland;2021-01-23;3
Sjælland;2021-01-23;14
Syddanmark;2021-01-23;2
Hovedstaden;2021-01-24;26
Midtjylland;2021-01-24;8
Nordjylland;2021-01-24;8
Sjælland;2021-01-24;12
Syddanmark;2021-01-24;7
Hovedstaden;2021-01-25;39
Midtjylland;2021-01-25;7
Nordjylland;2021-01-25;5
Sjælland;2021-01-25;14
Syddanmark;2021-01-25;8
Hovedstaden;2021-01-26;28
Midtjylland;2021-01-26;5
Nordjylland;2021-01-26;5
Sjælland;2021-01-26;9
Syddanmark;2021-01-26;3
Hovedstaden;2021-01-27;28
Midtjylland;2021-01-27;5
Nordjylland;2021-01-27;3
Sjælland;2021-01-27;15
Syddanmark;2021-01-27;7
Hovedstaden;2021-01-28;20
Midtjylland;2021-01-28;7
Nordjylland;2021-01-28;5
Sjælland;2021-01-28;12
Syddanmark;2021-01-28;7
Hovedstaden;2021-01-29;19
Midtjylland;2021-01-29;6
Nordjylland;2021-01-29;6
Sjælland;2021-01-29;13
Syddanmark;2021-01-29;5
Hovedstaden;2021-01-30;13
Midtjylland;2021-01-30;3
Nordjylland;2021-01-30;5
Sjælland;2021-01-30;6
Syddanmark;2021-01-30;2
Hovedstaden;2021-01-31;20
Midtjylland;2021-01-31;7
Nordjylland;2021-01-31;2
Sjælland;2021-01-31;5
Syddanmark;2021-01-31;7
Hovedstaden;2021-02-01;24
Midtjylland;2021-02-01;5
Nordjylland;2021-02-01;3
Sjælland;2021-02-01;8
Syddanmark;2021-02-01;7
Hovedstaden;2021-02-02;20
Midtjylland;2021-02-02;4
Nordjylland;2021-02-02;6
Sjælland;2021-02-02;3
Syddanmark;2021-02-02;5
Hovedstaden;2021-02-03;8
Midtjylland;2021-02-03;2
Nordjylland;2021-02-03;6
Sjælland;2021-02-03;10
Syddanmark;2021-02-03;4
Hovedstaden;2021-02-04;18
Midtjylland;2021-02-04;3
Nordjylland;2021-02-04;1
Sjælland;2021-02-04;8
Syddanmark;2021-02-04;3
Hovedstaden;2021-02-05;19
Midtjylland;2021-02-05;5
Nordjylland;2021-02-05;3
Sjælland;2021-02-05;12
Syddanmark;2021-02-05;2
Hovedstaden;2021-02-06;7
Midtjylland;2021-02-06;2
Nordjylland;2021-02-06;3
Sjælland;2021-02-06;3
Syddanmark;2021-02-06;5
Hovedstaden;2021-02-07;23
Midtjylland;2021-02-07;1
Nordjylland;2021-02-07;2
Sjælland;2021-02-07;3
Syddanmark;2021-02-07;2
Hovedstaden;2021-02-08;13
Midtjylland;2021-02-08;4
Nordjylland;2021-02-08;4
Sjælland;2021-02-08;9
Syddanmark;2021-02-08;5
Hovedstaden;2021-02-09;18
Midtjylland;2021-02-09;1
Nordjylland;2021-02-09;8
Sjælland;2021-02-09;8
Syddanmark;2021-02-09;6
Hovedstaden;2021-02-10;19
Midtjylland;2021-02-10;4
Nordjylland;2021-02-10;1
Sjælland;2021-02-10;7
Syddanmark;2021-02-10;5
Hovedstaden;2021-02-11;9
Midtjylland;2021-02-11;5
Nordjylland;2021-02-11;1
Sjælland;2021-02-11;6
Syddanmark;2021-02-11;5
Hovedstaden;2021-02-12;11
Midtjylland;2021-02-12;2
Nordjylland;2021-02-12;1
Sjælland;2021-02-12;3
Syddanmark;2021-02-12;4
Hovedstaden;2021-02-13;14
Midtjylland;2021-02-13;2
Nordjylland;2021-02-13;1
Sjælland;2021-02-13;7
Syddanmark;2021-02-13;9
Hovedstaden;2021-02-14;6
Midtjylland;2021-02-14;3
Nordjylland;2021-02-14;1
Sjælland;2021-02-14;9
Syddanmark;2021-02-14;2
Hovedstaden;2021-02-15;7
Midtjylland;2021-02-15;4
Nordjylland;2021-02-15;4
Sjælland;2021-02-15;9
Syddanmark;2021-02-15;4
Hovedstaden;2021-02-16;11
Midtjylland;2021-02-16;2
Nordjylland;2021-02-16;1
Sjælland;2021-02-16;4
Syddanmark;2021-02-16;3
Hovedstaden;2021-02-17;9
Midtjylland;2021-02-17;4
Nordjylland;2021-02-17;4
Sjælland;2021-02-17;4
Syddanmark;2021-02-17;2
Hovedstaden;2021-02-18;11
Midtjylland;2021-02-18;5
Nordjylland;2021-02-18;5
Sjælland;2021-02-18;9
Syddanmark;2021-02-18;5
Hovedstaden;2021-02-19;13
Midtjylland;2021-02-19;1
Nordjylland;2021-02-19;1
Sjælland;2021-02-19;7
Syddanmark;2021-02-19;10
Hovedstaden;2021-02-20;14
Midtjylland;2021-02-20;1
Nordjylland;2021-02-20;2
Sjælland;2021-02-20;3
Syddanmark;2021-02-20;4
Hovedstaden;2021-02-21;7
Midtjylland;2021-02-21;1
Nordjylland;2021-02-21;4
Sjælland;2021-02-21;4
Syddanmark;2021-02-21;6
Hovedstaden;2021-02-22;12
Midtjylland;2021-02-22;4
Nordjylland;2021-02-22;3
Sjælland;2021-02-22;8
Syddanmark;2021-02-22;4
Hovedstaden;2021-02-23;9
Midtjylland;2021-02-23;3
Nordjylland;2021-02-23;4
Sjælland;2021-02-23;7
Syddanmark;2021-02-23;4
Hovedstaden;2021-02-24;16
Midtjylland;2021-02-24;4
Nordjylland;2021-02-24;4
Sjælland;2021-02-24;4
Syddanmark;2021-02-24;6
Hovedstaden;2021-02-25;13
Midtjylland;2021-02-25;6
Sjælland;2021-02-25;4
Syddanmark;2021-02-25;11
Hovedstaden;2021-02-26;8
Midtjylland;2021-02-26;3
Nordjylland;2021-02-26;1
Sjælland;2021-02-26;4
Syddanmark;2021-02-26;10
Hovedstaden;2021-02-27;12
Midtjylland;2021-02-27;4
Sjælland;2021-02-27;6
Syddanmark;2021-02-27;5
Hovedstaden;2021-02-28;12
Midtjylland;2021-02-28;1
Nordjylland;2021-02-28;1
Sjælland;2021-02-28;3
Syddanmark;2021-02-28;6
Hovedstaden;2021-03-01;7
Midtjylland;2021-03-01;2
Sjælland;2021-03-01;11
Syddanmark;2021-03-01;4
Hovedstaden;2021-03-02;18
Midtjylland;2021-03-02;2
Nordjylland;2021-03-02;2
Sjælland;2021-03-02;8
Syddanmark;2021-03-02;8
Hovedstaden;2021-03-03;15
Midtjylland;2021-03-03;3
Nordjylland;2021-03-03;2
Sjælland;2021-03-03;2
Syddanmark;2021-03-03;9
Hovedstaden;2021-03-04;15
Midtjylland;2021-03-04;4
Nordjylland;2021-03-04;1
Sjælland;2021-03-04;2
Syddanmark;2021-03-04;9
Hovedstaden;2021-03-05;7
Midtjylland;2021-03-05;5
Sjælland;2021-03-05;5
Syddanmark;2021-03-05;6
Hovedstaden;2021-03-06;17
Midtjylland;2021-03-06;6
Nordjylland;2021-03-06;3
Sjælland;2021-03-06;7
Syddanmark;2021-03-06;10
Hovedstaden;2021-03-07;11
Midtjylland;2021-03-07;2
Nordjylland;2021-03-07;1
Sjælland;2021-03-07;5
Syddanmark;2021-03-07;8
Hovedstaden;2021-03-08;13
Midtjylland;2021-03-08;3
Sjælland;2021-03-08;4
Syddanmark;2021-03-08;6
Hovedstaden;2021-03-09;14
Midtjylland;2021-03-09;1
Sjælland;2021-03-09;11
Syddanmark;2021-03-09;10
Hovedstaden;2021-03-10;13
Midtjylland;2021-03-10;2
Sjælland;2021-03-10;7
Syddanmark;2021-03-10;10
Hovedstaden;2021-03-11;16
Midtjylland;2021-03-11;3
Nordjylland;2021-03-11;1
Sjælland;2021-03-11;7
Syddanmark;2021-03-11;5
Hovedstaden;2021-03-12;9
Midtjylland;2021-03-12;2
Nordjylland;2021-03-12;1
Sjælland;2021-03-12;2
Syddanmark;2021-03-12;6
Hovedstaden;2021-03-13;15
Midtjylland;2021-03-13;2
Sjælland;2021-03-13;7
Syddanmark;2021-03-13;7
Hovedstaden;2021-03-14;10
Midtjylland;2021-03-14;2
Nordjylland;2021-03-14;1
Sjælland;2021-03-14;4
Syddanmark;2021-03-14;9
Hovedstaden;2021-03-15;11
Midtjylland;2021-03-15;7
Sjælland;2021-03-15;9
Syddanmark;2021-03-15;2
Hovedstaden;2021-03-16;17
Midtjylland;2021-03-16;4
Nordjylland;2021-03-16;2
Sjælland;2021-03-16;4
Syddanmark;2021-03-16;10
Hovedstaden;2021-03-17;12
Midtjylland;2021-03-17;4
Sjælland;2021-03-17;8
Syddanmark;2021-03-17;5
Hovedstaden;2021-03-18;11
Midtjylland;2021-03-18;2
Nordjylland;2021-03-18;1
Sjælland;2021-03-18;6
Syddanmark;2021-03-18;10
Hovedstaden;2021-03-19;8
Midtjylland;2021-03-19;3
Nordjylland;2021-03-19;1
Sjælland;2021-03-19;4
Syddanmark;2021-03-19;4
Hovedstaden;2021-03-20;11
Midtjylland;2021-03-20;3
Nordjylland;2021-03-20;2
Sjælland;2021-03-20;4
Syddanmark;2021-03-20;3
Hovedstaden;2021-03-21;11
Midtjylland;2021-03-21;6
Nordjylland;2021-03-21;2
Sjælland;2021-03-21;3
Syddanmark;2021-03-21;11
Hovedstaden;2021-03-22;29
Midtjylland;2021-03-22;5
Nordjylland;2021-03-22;1
Sjælland;2021-03-22;6
Syddanmark;2021-03-22;4
Hovedstaden;2021-03-23;10
Midtjylland;2021-03-23;3
Nordjylland;2021-03-23;2
Sjælland;2021-03-23;3
Syddanmark;2021-03-23;7
Hovedstaden;2021-03-24;11
Midtjylland;2021-03-24;6
Nordjylland;2021-03-24;2
Sjælland;2021-03-24;4
Syddanmark;2021-03-24;10
Hovedstaden;2021-03-25;20
Midtjylland;2021-03-25;8
Nordjylland;2021-03-25;2
Sjælland;2021-03-25;2
Syddanmark;2021-03-25;11
Hovedstaden;2021-03-26;18
Midtjylland;2021-03-26;4
Nordjylland;2021-03-26;3
Syddanmark;2021-03-26;7
Hovedstaden;2021-03-27;20
Midtjylland;2021-03-27;6
Nordjylland;2021-03-27;1
Sjælland;2021-03-27;7
Syddanmark;2021-03-27;5
Hovedstaden;2021-03-28;15
Midtjylland;2021-03-28;5
Nordjylland;2021-03-28;1
Sjælland;2021-03-28;8
Syddanmark;2021-03-28;5
Hovedstaden;2021-03-29;20
Midtjylland;2021-03-29;9
Nordjylland;2021-03-29;7
Sjælland;2021-03-29;6
Syddanmark;2021-03-29;8
Hovedstaden;2021-03-30;26
Midtjylland;2021-03-30;2
Sjælland;2021-03-30;4
Syddanmark;2021-03-30;3
Hovedstaden;2021-03-31;20
Midtjylland;2021-03-31;7
Nordjylland;2021-03-31;2
Sjælland;2021-03-31;10
Syddanmark;2021-03-31;8
Hovedstaden;2021-04-01;19
Midtjylland;2021-04-01;9
Syddanmark;2021-04-01;8
Hovedstaden;2021-04-02;18
Midtjylland;2021-04-02;3
Nordjylland;2021-04-02;2
Sjælland;2021-04-02;3
Syddanmark;2021-04-02;9
Hovedstaden;2021-04-03;20
Midtjylland;2021-04-03;2
Nordjylland;2021-04-03;2
Sjælland;2021-04-03;3
Syddanmark;2021-04-03;4
Hovedstaden;2021-04-04;17
Midtjylland;2021-04-04;1
Nordjylland;2021-04-04;3
Sjælland;2021-04-04;3
Syddanmark;2021-04-04;5
Hovedstaden;2021-04-05;15
Midtjylland;2021-04-05;2
Sjælland;2021-04-05;5
Syddanmark;2021-04-05;4
Hovedstaden;2021-04-06;23
Midtjylland;2021-04-06;7
Nordjylland;2021-04-06;4
Sjælland;2021-04-06;5
Syddanmark;2021-04-06;5
Hovedstaden;2021-04-07;17
Midtjylland;2021-04-07;4
Nordjylland;2021-04-07;6
Sjælland;2021-04-07;3
Syddanmark;2021-04-07;2
Hovedstaden;2021-04-08;16
Midtjylland;2021-04-08;4
Nordjylland;2021-04-08;3
Sjælland;2021-04-08;9
Syddanmark;2021-04-08;2
Hovedstaden;2021-04-09;17
Midtjylland;2021-04-09;5
Nordjylland;2021-04-09;3
Sjælland;2021-04-09;3
Syddanmark;2021-04-09;4
Hovedstaden;2021-04-10;14
Midtjylland;2021-04-10;6
Sjælland;2021-04-10;3
Syddanmark;2021-04-10;5
Hovedstaden;2021-04-11;14
Midtjylland;2021-04-11;4
Sjælland;2021-04-11;3
Syddanmark;2021-04-11;4
Hovedstaden;2021-04-12;17
Midtjylland;2021-04-12;5
Nordjylland;2021-04-12;2
Sjælland;2021-04-12;2
Syddanmark;2021-04-12;8
Hovedstaden;2021-04-13;12
Midtjylland;2021-04-13;4
Nordjylland;2021-04-13;3
Sjælland;2021-04-13;6
Syddanmark;2021-04-13;5
Hovedstaden;2021-04-14;12
Midtjylland;2021-04-14;7
Nordjylland;2021-04-14;4
Sjælland;2021-04-14;2
Syddanmark;2021-04-14;3
Hovedstaden;2021-04-15;15
Midtjylland;2021-04-15;6
Nordjylland;2021-04-15;1
Sjælland;2021-04-15;9
Syddanmark;2021-04-15;4
Hovedstaden;2021-04-16;12
Midtjylland;2021-04-16;6
Sjælland;2021-04-16;4
Syddanmark;2021-04-16;5
Hovedstaden;2021-04-17;18
Midtjylland;2021-04-17;6
Nordjylland;2021-04-17;1
Sjælland;2021-04-17;1
Syddanmark;2021-04-17;9
Hovedstaden;2021-04-18;17
Midtjylland;2021-04-18;6
Nordjylland;2021-04-18;3
Sjælland;2021-04-18;5
Syddanmark;2021-04-18;6
Hovedstaden;2021-04-19;26
Midtjylland;2021-04-19;4
Nordjylland;2021-04-19;2
Sjælland;2021-04-19;8
Syddanmark;2021-04-19;3
Hovedstaden;2021-04-20;17
Midtjylland;2021-04-20;10
Nordjylland;2021-04-20;2
Sjælland;2021-04-20;5
Syddanmark;2021-04-20;2
Hovedstaden;2021-04-21;20
Midtjylland;2021-04-21;6
Sjælland;2021-04-21;2
Syddanmark;2021-04-21;3
Hovedstaden;2021-04-22;14
Midtjylland;2021-04-22;3
Nordjylland;2021-04-22;1
Sjælland;2021-04-22;5
Syddanmark;2021-04-22;5
Hovedstaden;2021-04-23;15
Midtjylland;2021-04-23;8
Nordjylland;2021-04-23;1
Sjælland;2021-04-23;3
Syddanmark;2021-04-23;3
Hovedstaden;2021-04-24;13
Midtjylland;2021-04-24;2
Nordjylland;2021-04-24;1
Sjælland;2021-04-24;10
Syddanmark;2021-04-24;5
Hovedstaden;2021-04-25;5
Midtjylland;2021-04-25;2
Nordjylland;2021-04-25;1
Sjælland;2021-04-25;4
Syddanmark;2021-04-25;3
Hovedstaden;2021-04-26;7
Midtjylland;2021-04-26;7
Nordjylland;2021-04-26;5
Sjælland;2021-04-26;6
Syddanmark;2021-04-26;2
Hovedstaden;2021-04-27;19
Midtjylland;2021-04-27;11
Nordjylland;2021-04-27;4
Sjælland;2021-04-27;3
Syddanmark;2021-04-27;4
Hovedstaden;2021-04-28;19
Midtjylland;2021-04-28;4
Nordjylland;2021-04-28;1
Sjælland;2021-04-28;5
Syddanmark;2021-04-28;4
Hovedstaden;2021-04-29;20
Midtjylland;2021-04-29;8
Nordjylland;2021-04-29;4
Sjælland;2021-04-29;4
Syddanmark;2021-04-29;3
Hovedstaden;2021-04-30;11
Midtjylland;2021-04-30;1
Nordjylland;2021-04-30;1
Sjælland;2021-04-30;3
Syddanmark;2021-04-30;4
Hovedstaden;2021-05-01;13
Midtjylland;2021-05-01;5
Nordjylland;2021-05-01;2
Sjælland;2021-05-01;3
Syddanmark;2021-05-01;2
Hovedstaden;2021-05-02;13
Midtjylland;2021-05-02;5
Nordjylland;2021-05-02;4
Sjælland;2021-05-02;4
Syddanmark;2021-05-02;2
Hovedstaden;2021-05-03;13
Midtjylland;2021-05-03;3
Nordjylland;2021-05-03;6
Sjælland;2021-05-03;6
Syddanmark;2021-05-03;1
Hovedstaden;2021-05-04;15
Midtjylland;2021-05-04;4
Nordjylland;2021-05-04;5
Sjælland;2021-05-04;2
Syddanmark;2021-05-04;1
Hovedstaden;2021-05-05;11
Midtjylland;2021-05-05;3
Nordjylland;2021-05-05;1
Sjælland;2021-05-05;4
Syddanmark;2021-05-05;4
Hovedstaden;2021-05-06;7
Midtjylland;2021-05-06;10
Nordjylland;2021-05-06;1
Sjælland;2021-05-06;3
Syddanmark;2021-05-06;5
Hovedstaden;2021-05-07;19
Midtjylland;2021-05-07;12
Nordjylland;2021-05-07;2
Sjælland;2021-05-07;5
Syddanmark;2021-05-07;1
Hovedstaden;2021-05-08;21
Midtjylland;2021-05-08;3
Nordjylland;2021-05-08;1
Sjælland;2021-05-08;6
Syddanmark;2021-05-08;4
Hovedstaden;2021-05-09;10
Midtjylland;2021-05-09;5
Nordjylland;2021-05-09;2
Sjælland;2021-05-09;7
Syddanmark;2021-05-09;3
Hovedstaden;2021-05-10;31
Midtjylland;2021-05-10;8
Nordjylland;2021-05-10;6
Sjælland;2021-05-10;2
Syddanmark;2021-05-10;1
Hovedstaden;2021-05-11;15
Midtjylland;2021-05-11;3
Sjælland;2021-05-11;3
Syddanmark;2021-05-11;1
Hovedstaden;2021-05-12;23
Midtjylland;2021-05-12;7
Nordjylland;2021-05-12;2
Sjælland;2021-05-12;3
Syddanmark;2021-05-12;4
Hovedstaden;2021-05-13;18
Midtjylland;2021-05-13;5
Nordjylland;2021-05-13;2
Sjælland;2021-05-13;8
Syddanmark;2021-05-13;5
Hovedstaden;2021-05-14;18
Midtjylland;2021-05-14;6
Nordjylland;2021-05-14;7
Sjælland;2021-05-14;7
Syddanmark;2021-05-14;6
Hovedstaden;2021-05-15;12
Midtjylland;2021-05-15;6
Nordjylland;2021-05-15;2
Sjælland;2021-05-15;10
Syddanmark;2021-05-15;1
Hovedstaden;2021-05-16;13
Midtjylland;2021-05-16;3
Sjælland;2021-05-16;7
Syddanmark;2021-05-16;8
Hovedstaden;2021-05-17;10
Midtjylland;2021-05-17;5
Nordjylland;2021-05-17;2
Sjælland;2021-05-17;8
Syddanmark;2021-05-17;2
Hovedstaden;2021-05-18;9
Midtjylland;2021-05-18;5
Nordjylland;2021-05-18;1
Sjælland;2021-05-18;8
Syddanmark;2021-05-18;1
Hovedstaden;2021-05-19;20
Midtjylland;2021-05-19;10
Nordjylland;2021-05-19;2
Sjælland;2021-05-19;2
Syddanmark;2021-05-19;4
Hovedstaden;2021-05-20;11
Midtjylland;2021-05-20;4
Nordjylland;2021-05-20;3
Sjælland;2021-05-20;2
Syddanmark;2021-05-20;2
Hovedstaden;2021-05-21;21
Midtjylland;2021-05-21;5
Nordjylland;2021-05-21;2
Sjælland;2021-05-21;8
Syddanmark;2021-05-21;6
Hovedstaden;2021-05-22;8
Midtjylland;2021-05-22;5
Nordjylland;2021-05-22;1
Sjælland;2021-05-22;1
Syddanmark;2021-05-22;7
Hovedstaden;2021-05-23;18
Midtjylland;2021-05-23;1
Nordjylland;2021-05-23;2
Sjælland;2021-05-23;3
Syddanmark;2021-05-23;4
Hovedstaden;2021-05-24;13
Midtjylland;2021-05-24;2
Nordjylland;2021-05-24;2
Sjælland;2021-05-24;3
Syddanmark;2021-05-24;3
Hovedstaden;2021-05-25;13
Midtjylland;2021-05-25;3
Nordjylland;2021-05-25;2
Sjælland;2021-05-25;5
Syddanmark;2021-05-25;7
Hovedstaden;2021-05-26;12
Midtjylland;2021-05-26;6
Nordjylland;2021-05-26;6
Sjælland;2021-05-26;4
Syddanmark;2021-05-26;3
Hovedstaden;2021-05-27;15
Midtjylland;2021-05-27;4
Nordjylland;2021-05-27;2
Sjælland;2021-05-27;8
Syddanmark;2021-05-27;8
Hovedstaden;2021-05-28;17
Midtjylland;2021-05-28;3
Nordjylland;2021-05-28;2
Sjælland;2021-05-28;6
Syddanmark;2021-05-28;5
Hovedstaden;2021-05-29;17
Midtjylland;2021-05-29;1
Sjælland;2021-05-29;1
Syddanmark;2021-05-29;6
Hovedstaden;2021-05-30;13
Midtjylland;2021-05-30;2
Nordjylland;2021-05-30;1
Sjælland;2021-05-30;1
Syddanmark;2021-05-30;3
Hovedstaden;2021-05-31;15
Midtjylland;2021-05-31;8
Nordjylland;2021-05-31;7
Sjælland;2021-05-31;4
Syddanmark;2021-05-31;3
Hovedstaden;2021-06-01;11
Midtjylland;2021-06-01;4
Nordjylland;2021-06-01;4
Sjælland;2021-06-01;8
Syddanmark;2021-06-01;2
Hovedstaden;2021-06-02;15
Midtjylland;2021-06-02;3
Nordjylland;2021-06-02;5
Sjælland;2021-06-02;1
Syddanmark;2021-06-02;1
Hovedstaden;2021-06-03;9
Midtjylland;2021-06-03;4
Nordjylland;2021-06-03;3
Sjælland;2021-06-03;6
Syddanmark;2021-06-03;4
Hovedstaden;2021-06-04;7
Midtjylland;2021-06-04;7
Nordjylland;2021-06-04;1
Sjælland;2021-06-04;5
Syddanmark;2021-06-04;2
Hovedstaden;2021-06-05;7
Midtjylland;2021-06-05;2
Nordjylland;2021-06-05;2
Sjælland;2021-06-05;1
Syddanmark;2021-06-05;2
Hovedstaden;2021-06-06;10
Midtjylland;2021-06-06;2
Nordjylland;2021-06-06;1
Sjælland;2021-06-06;1
Hovedstaden;2021-06-07;10
Midtjylland;2021-06-07;6
Nordjylland;2021-06-07;2
Sjælland;2021-06-07;3
Syddanmark;2021-06-07;5
Hovedstaden;2021-06-08;5
Midtjylland;2021-06-08;2
Nordjylland;2021-06-08;1
Sjælland;2021-06-08;1
Syddanmark;2021-06-08;6
Hovedstaden;2021-06-09;12
Midtjylland;2021-06-09;9
Nordjylland;2021-06-09;3
Sjælland;2021-06-09;4
Syddanmark;2021-06-09;2
Hovedstaden;2021-06-10;3
Midtjylland;2021-06-10;2
Nordjylland;2021-06-10;5
Sjælland;2021-06-10;6
Syddanmark;2021-06-10;1
Hovedstaden;2021-06-11;7
Midtjylland;2021-06-11;2
Nordjylland;2021-06-11;1
Sjælland;2021-06-11;2
Syddanmark;2021-06-11;2
Hovedstaden;2021-06-12;4
Midtjylland;2021-06-12;1
Sjælland;2021-06-12;3
Syddanmark;2021-06-12;2
Hovedstaden;2021-06-13;12
Nordjylland;2021-06-13;3
Sjælland;2021-06-13;3
Syddanmark;2021-06-13;1
Hovedstaden;2021-06-14;9
Midtjylland;2021-06-14;4
Nordjylland;2021-06-14;2
Sjælland;2021-06-14;3
Hovedstaden;2021-06-15;6
Midtjylland;2021-06-15;4
Syddanmark;2021-06-15;2
Hovedstaden;2021-06-16;6
Midtjylland;2021-06-16;2
Nordjylland;2021-06-16;2
Sjælland;2021-06-16;1
Hovedstaden;2021-06-17;4
Nordjylland;2021-06-17;1
Sjælland;2021-06-17;2
Hovedstaden;2021-06-18;6
Nordjylland;2021-06-18;3
Sjælland;2021-06-18;2
Hovedstaden;2021-06-19;7
Midtjylland;2021-06-19;1
Nordjylland;2021-06-19;3
Sjælland;2021-06-19;1
Hovedstaden;2021-06-20;5
Nordjylland;2021-06-20;2
Sjælland;2021-06-20;4
Syddanmark;2021-06-20;1
Hovedstaden;2021-06-21;3
Nordjylland;2021-06-21;1
Sjælland;2021-06-21;1
Syddanmark;2021-06-21;1
Hovedstaden;2021-06-22;5
Midtjylland;2021-06-22;1
Syddanmark;2021-06-22;1
Hovedstaden;2021-06-23;4
Midtjylland;2021-06-23;2
Nordjylland;2021-06-23;1
Sjælland;2021-06-23;2
Syddanmark;2021-06-23;1
Hovedstaden;2021-06-24;3
Midtjylland;2021-06-24;2
Nordjylland;2021-06-24;1
Syddanmark;2021-06-24;2
Hovedstaden;2021-06-25;3
Nordjylland;2021-06-25;1
Sjælland;2021-06-25;3
Hovedstaden;2021-06-26;3
Midtjylland;2021-06-26;1
Nordjylland;2021-06-26;1
Syddanmark;2021-06-26;1
Hovedstaden;2021-06-27;3
Sjælland;2021-06-27;2
Hovedstaden;2021-06-28;3
Hovedstaden;2021-06-29;2
Sjælland;2021-06-29;1
Hovedstaden;2021-06-30;4
Midtjylland;2021-06-30;1
Sjælland;2021-06-30;2
Syddanmark;2021-06-30;1
Hovedstaden;2021-07-01;6
Midtjylland;2021-07-01;1
Nordjylland;2021-07-01;1
Sjælland;2021-07-01;2
Syddanmark;2021-07-01;1
Hovedstaden;2021-07-02;4
Midtjylland;2021-07-02;2
Midtjylland;2021-07-03;2
Nordjylland;2021-07-03;1
Hovedstaden;2021-07-04;3
Sjælland;2021-07-04;2
Hovedstaden;2021-07-05;7
Midtjylland;2021-07-05;2
Sjælland;2021-07-05;1
Hovedstaden;2021-07-06;4
Midtjylland;2021-07-06;2
Sjælland;2021-07-06;1
Hovedstaden;2021-07-07;1
Midtjylland;2021-07-07;2
Nordjylland;2021-07-07;1
Sjælland;2021-07-07;3
Syddanmark;2021-07-07;1
Hovedstaden;2021-07-08;6
Midtjylland;2021-07-08;3
Nordjylland;2021-07-08;1
Sjælland;2021-07-08;2
Hovedstaden;2021-07-09;4
Midtjylland;2021-07-09;1
Sjælland;2021-07-09;1
Syddanmark;2021-07-09;1
Hovedstaden;2021-07-10;3
Midtjylland;2021-07-10;5
Hovedstaden;2021-07-11;8
Midtjylland;2021-07-11;3
Sjælland;2021-07-11;1
Syddanmark;2021-07-11;1
Hovedstaden;2021-07-12;8
Midtjylland;2021-07-12;4
Sjælland;2021-07-12;1
Syddanmark;2021-07-12;2
Hovedstaden;2021-07-13;13
Midtjylland;2021-07-13;3
Sjælland;2021-07-13;3
Hovedstaden;2021-07-14;6
Midtjylland;2021-07-14;4
Sjælland;2021-07-14;3
Syddanmark;2021-07-14;2
Hovedstaden;2021-07-15;7
Midtjylland;2021-07-15;3
Nordjylland;2021-07-15;1
Sjælland;2021-07-15;3
Syddanmark;2021-07-15;2
Hovedstaden;2021-07-16;9
Midtjylland;2021-07-16;1
Sjælland;2021-07-16;1
Syddanmark;2021-07-16;4
Hovedstaden;2021-07-17;4
Midtjylland;2021-07-17;2
Nordjylland;2021-07-17;1
Sjælland;2021-07-17;1
Syddanmark;2021-07-17;1
Hovedstaden;2021-07-18;5
Midtjylland;2021-07-18;1
Nordjylland;2021-07-18;1
Sjælland;2021-07-18;2
Syddanmark;2021-07-18;3
Hovedstaden;2021-07-19;12
Midtjylland;2021-07-19;1
Sjælland;2021-07-19;3
Syddanmark;2021-07-19;2
Hovedstaden;2021-07-20;9
Midtjylland;2021-07-20;1
Sjælland;2021-07-20;2
Syddanmark;2021-07-20;2
Hovedstaden;2021-07-21;7
Midtjylland;2021-07-21;5
Sjælland;2021-07-21;1
Syddanmark;2021-07-21;1
Hovedstaden;2021-07-22;4
Midtjylland;2021-07-22;4
Sjælland;2021-07-22;4
Syddanmark;2021-07-22;2
Hovedstaden;2021-07-23;7
Midtjylland;2021-07-23;4
Sjælland;2021-07-23;1
Syddanmark;2021-07-23;1
Hovedstaden;2021-07-24;5
Midtjylland;2021-07-24;2
Sjælland;2021-07-24;1
Hovedstaden;2021-07-25;7
Midtjylland;2021-07-25;1
Nordjylland;2021-07-25;1
Sjælland;2021-07-25;4
Syddanmark;2021-07-25;5
Hovedstaden;2021-07-26;7
Midtjylland;2021-07-26;5
Sjælland;2021-07-26;1
Syddanmark;2021-07-26;4
Hovedstaden;2021-07-27;12
Midtjylland;2021-07-27;5
Nordjylland;2021-07-27;1
Sjælland;2021-07-27;2
Syddanmark;2021-07-27;4
Hovedstaden;2021-07-28;7
Midtjylland;2021-07-28;1
Sjælland;2021-07-28;4
Syddanmark;2021-07-28;4
Hovedstaden;2021-07-29;8
Midtjylland;2021-07-29;3
Nordjylland;2021-07-29;2
Sjælland;2021-07-29;2
Syddanmark;2021-07-29;2
Hovedstaden;2021-07-30;12
Midtjylland;2021-07-30;3
Nordjylland;2021-07-30;2
Sjælland;2021-07-30;2
Syddanmark;2021-07-30;2
Hovedstaden;2021-07-31;2
Midtjylland;2021-07-31;4
Nordjylland;2021-07-31;1
Sjælland;2021-07-31;2
Syddanmark;2021-07-31;1
Hovedstaden;2021-08-01;5
Midtjylland;2021-08-01;1
Sjælland;2021-08-01;3
Syddanmark;2021-08-01;2
Hovedstaden;2021-08-02;5
Midtjylland;2021-08-02;3
Sjælland;2021-08-02;2
Syddanmark;2021-08-02;2
Hovedstaden;2021-08-03;7
Midtjylland;2021-08-03;2
Sjælland;2021-08-03;8
Syddanmark;2021-08-03;1
Hovedstaden;2021-08-04;7
Midtjylland;2021-08-04;1
Sjælland;2021-08-04;3
Syddanmark;2021-08-04;1
Hovedstaden;2021-08-05;11
Midtjylland;2021-08-05;6
Nordjylland;2021-08-05;1
Sjælland;2021-08-05;1
Syddanmark;2021-08-05;6
Hovedstaden;2021-08-06;9
Midtjylland;2021-08-06;2
Nordjylland;2021-08-06;1
Sjælland;2021-08-06;3
Syddanmark;2021-08-06;3
Hovedstaden;2021-08-07;13
Midtjylland;2021-08-07;3
Nordjylland;2021-08-07;1
Sjælland;2021-08-07;1
Syddanmark;2021-08-07;4
Hovedstaden;2021-08-08;7
Midtjylland;2021-08-08;1
Sjælland;2021-08-08;1
Syddanmark;2021-08-08;7
Hovedstaden;2021-08-09;14
Midtjylland;2021-08-09;6
Nordjylland;2021-08-09;1
Syddanmark;2021-08-09;4
Hovedstaden;2021-08-10;10
Midtjylland;2021-08-10;12
Nordjylland;2021-08-10;1
Sjælland;2021-08-10;3
Syddanmark;2021-08-10;3
Hovedstaden;2021-08-11;18
Midtjylland;2021-08-11;3
Nordjylland;2021-08-11;3
Sjælland;2021-08-11;4
Syddanmark;2021-08-11;3
Hovedstaden;2021-08-12;11
Midtjylland;2021-08-12;7
Nordjylland;2021-08-12;1
Syddanmark;2021-08-12;6
Hovedstaden;2021-08-13;9
Midtjylland;2021-08-13;4
Nordjylland;2021-08-13;2
Sjælland;2021-08-13;4
Syddanmark;2021-08-13;3
Hovedstaden;2021-08-14;10
Midtjylland;2021-08-14;7
Nordjylland;2021-08-14;2
Sjælland;2021-08-14;1
Syddanmark;2021-08-14;5
Hovedstaden;2021-08-15;13
Midtjylland;2021-08-15;8
Nordjylland;2021-08-15;2
Sjælland;2021-08-15;1
Syddanmark;2021-08-15;7
Hovedstaden;2021-08-16;14
Midtjylland;2021-08-16;4
Nordjylland;2021-08-16;3
Sjælland;2021-08-16;4
Syddanmark;2021-08-16;5
Hovedstaden;2021-08-17;10
Midtjylland;2021-08-17;6
Nordjylland;2021-08-17;2
Sjælland;2021-08-17;4
Syddanmark;2021-08-17;5
Hovedstaden;2021-08-18;14
Midtjylland;2021-08-18;3
Nordjylland;2021-08-18;1
Sjælland;2021-08-18;8
Syddanmark;2021-08-18;8
Hovedstaden;2021-08-19;14
Midtjylland;2021-08-19;5
Nordjylland;2021-08-19;4
Sjælland;2021-08-19;4
Syddanmark;2021-08-19;4
Hovedstaden;2021-08-20;16
Midtjylland;2021-08-20;3
Nordjylland;2021-08-20;2
Sjælland;2021-08-20;2
Syddanmark;2021-08-20;6
Hovedstaden;2021-08-21;18
Midtjylland;2021-08-21;8
Nordjylland;2021-08-21;1
Sjælland;2021-08-21;6
Syddanmark;2021-08-21;6
Hovedstaden;2021-08-22;19
Midtjylland;2021-08-22;6
Nordjylland;2021-08-22;4
Sjælland;2021-08-22;3
Syddanmark;2021-08-22;2
Hovedstaden;2021-08-23;15
Midtjylland;2021-08-23;4
Sjælland;2021-08-23;1
Syddanmark;2021-08-23;5
Hovedstaden;2021-08-24;12
Midtjylland;2021-08-24;7
Nordjylland;2021-08-24;5
Sjælland;2021-08-24;6
Syddanmark;2021-08-24;4
Hovedstaden;2021-08-25;22
Midtjylland;2021-08-25;2
Nordjylland;2021-08-25;1
Sjælland;2021-08-25;4
Syddanmark;2021-08-25;3
Hovedstaden;2021-08-26;10
Midtjylland;2021-08-26;5
Nordjylland;2021-08-26;4
Sjælland;2021-08-26;5
Syddanmark;2021-08-26;3
Hovedstaden;2021-08-27;17
Midtjylland;2021-08-27;4
Nordjylland;2021-08-27;3
Sjælland;2021-08-27;7
Syddanmark;2021-08-27;6
Hovedstaden;2021-08-28;16
Midtjylland;2021-08-28;3
Nordjylland;2021-08-28;1
Sjælland;2021-08-28;1
Syddanmark;2021-08-28;6
Hovedstaden;2021-08-29;7
Midtjylland;2021-08-29;4
Nordjylland;2021-08-29;1
Sjælland;2021-08-29;4
Syddanmark;2021-08-29;2
Hovedstaden;2021-08-30;14
Midtjylland;2021-08-30;9
Nordjylland;2021-08-30;5
Sjælland;2021-08-30;4
Syddanmark;2021-08-30;6
Hovedstaden;2021-08-31;19
Midtjylland;2021-08-31;1
Nordjylland;2021-08-31;2
Sjælland;2021-08-31;3
Syddanmark;2021-08-31;4
Hovedstaden;2021-09-01;15
Midtjylland;2021-09-01;4
Nordjylland;2021-09-01;6
Sjælland;2021-09-01;2
Syddanmark;2021-09-01;2
Hovedstaden;2021-09-02;12
Midtjylland;2021-09-02;3
Nordjylland;2021-09-02;3
Sjælland;2021-09-02;3
Syddanmark;2021-09-02;6
Hovedstaden;2021-09-03;10
Midtjylland;2021-09-03;3
Nordjylland;2021-09-03;1
Sjælland;2021-09-03;2
Syddanmark;2021-09-03;2
Hovedstaden;2021-09-04;14
Midtjylland;2021-09-04;6
Nordjylland;2021-09-04;2
Sjælland;2021-09-04;3
Syddanmark;2021-09-04;1
Hovedstaden;2021-09-05;15
Midtjylland;2021-09-05;4
Nordjylland;2021-09-05;1
Sjælland;2021-09-05;2
Hovedstaden;2021-09-06;22
Midtjylland;2021-09-06;3
Nordjylland;2021-09-06;3
Syddanmark;2021-09-06;1
Hovedstaden;2021-09-07;14
Midtjylland;2021-09-07;8
Nordjylland;2021-09-07;2
Sjælland;2021-09-07;4
Syddanmark;2021-09-07;2
Hovedstaden;2021-09-08;13
Midtjylland;2021-09-08;7
Nordjylland;2021-09-08;1
Sjælland;2021-09-08;1
Syddanmark;2021-09-08;1
Hovedstaden;2021-09-09;12
Midtjylland;2021-09-09;4
Nordjylland;2021-09-09;1
Sjælland;2021-09-09;6
Syddanmark;2021-09-09;3
Hovedstaden;2021-09-10;8
Midtjylland;2021-09-10;4
Nordjylland;2021-09-10;1
Sjælland;2021-09-10;4
Syddanmark;2021-09-10;3
Hovedstaden;2021-09-11;7
Midtjylland;2021-09-11;2
Sjælland;2021-09-11;2
Hovedstaden;2021-09-12;5
Midtjylland;2021-09-12;6
Sjælland;2021-09-12;4
Syddanmark;2021-09-12;2
Hovedstaden;2021-09-13;10
Midtjylland;2021-09-13;5
Nordjylland;2021-09-13;3
Sjælland;2021-09-13;2
Syddanmark;2021-09-13;2
Hovedstaden;2021-09-14;5
Midtjylland;2021-09-14;2
Nordjylland;2021-09-14;1
Sjælland;2021-09-14;2
Hovedstaden;2021-09-15;8
Midtjylland;2021-09-15;1
Nordjylland;2021-09-15;2
Sjælland;2021-09-15;2
Syddanmark;2021-09-15;1
Hovedstaden;2021-09-16;7
Midtjylland;2021-09-16;3
Sjælland;2021-09-16;4
Syddanmark;2021-09-16;1
Hovedstaden;2021-09-17;6
Nordjylland;2021-09-17;2
Sjælland;2021-09-17;2
Syddanmark;2021-09-17;1
Hovedstaden;2021-09-18;3
Nordjylland;2021-09-18;1
Sjælland;2021-09-18;1
Syddanmark;2021-09-18;4
Hovedstaden;2021-09-19;3
Midtjylland;2021-09-19;2
Sjælland;2021-09-19;2
Syddanmark;2021-09-19;2
Hovedstaden;2021-09-20;8
Midtjylland;2021-09-20;2
Nordjylland;2021-09-20;2
Sjælland;2021-09-20;3
Syddanmark;2021-09-20;1
Hovedstaden;2021-09-21;6
Midtjylland;2021-09-21;1
Nordjylland;2021-09-21;3
Sjælland;2021-09-21;2
Syddanmark;2021-09-21;1
Hovedstaden;2021-09-22;4
Midtjylland;2021-09-22;1
Nordjylland;2021-09-22;3
Sjælland;2021-09-22;3
Hovedstaden;2021-09-23;6
Sjælland;2021-09-23;3
Syddanmark;2021-09-23;1
Hovedstaden;2021-09-24;3
Midtjylland;2021-09-24;2
Sjælland;2021-09-24;4
Syddanmark;2021-09-24;3
Hovedstaden;2021-09-25;6
Midtjylland;2021-09-25;2
Sjælland;2021-09-25;1
Syddanmark;2021-09-25;3
Hovedstaden;2021-09-26;9
Nordjylland;2021-09-26;1
Sjælland;2021-09-26;2
Syddanmark;2021-09-26;7
Hovedstaden;2021-09-27;4
Midtjylland;2021-09-27;1
Sjælland;2021-09-27;3
Syddanmark;2021-09-27;4
Hovedstaden;2021-09-28;3
Nordjylland;2021-09-28;1
Sjælland;2021-09-28;2
Syddanmark;2021-09-28;3
Hovedstaden;2021-09-29;7
Midtjylland;2021-09-29;3
Nordjylland;2021-09-29;4
Sjælland;2021-09-29;2
Syddanmark;2021-09-29;1
Hovedstaden;2021-09-30;7
Midtjylland;2021-09-30;2
Sjælland;2021-09-30;2
Syddanmark;2021-09-30;2
Hovedstaden;2021-10-01;9
Midtjylland;2021-10-01;2
Sjælland;2021-10-01;4
Syddanmark;2021-10-01;5
Hovedstaden;2021-10-02;4
Midtjylland;2021-10-02;1
Syddanmark;2021-10-02;1
Hovedstaden;2021-10-03;5
Midtjylland;2021-10-03;2
Sjælland;2021-10-03;1
Hovedstaden;2021-10-04;10
Midtjylland;2021-10-04;2
Nordjylland;2021-10-04;1
Sjælland;2021-10-04;4
Syddanmark;2021-10-04;1
Hovedstaden;2021-10-05;13
Midtjylland;2021-10-05;1
Nordjylland;2021-10-05;4
Sjælland;2021-10-05;3
Syddanmark;2021-10-05;1
Hovedstaden;2021-10-06;13
Sjælland;2021-10-06;6
Syddanmark;2021-10-06;2
Hovedstaden;2021-10-07;2
Midtjylland;2021-10-07;3
Nordjylland;2021-10-07;2
Sjælland;2021-10-07;2
Syddanmark;2021-10-07;1
Hovedstaden;2021-10-08;8
Midtjylland;2021-10-08;1
Sjælland;2021-10-08;2
Hovedstaden;2021-10-09;10
Midtjylland;2021-10-09;1
Nordjylland;2021-10-09;1
Sjælland;2021-10-09;2
Syddanmark;2021-10-09;2
Hovedstaden;2021-10-10;6
Midtjylland;2021-10-10;3
Nordjylland;2021-10-10;1
Sjælland;2021-10-10;4
Syddanmark;2021-10-10;1
Hovedstaden;2021-10-11;7
Midtjylland;2021-10-11;1
Nordjylland;2021-10-11;1
Sjælland;2021-10-11;4
Syddanmark;2021-10-11;4
Hovedstaden;2021-10-12;9
Midtjylland;2021-10-12;2
Sjælland;2021-10-12;3
Hovedstaden;2021-10-13;20
Midtjylland;2021-10-13;2
Nordjylland;2021-10-13;7
Sjælland;2021-10-13;3
Syddanmark;2021-10-13;4
Hovedstaden;2021-10-14;13
Midtjylland;2021-10-14;3
Nordjylland;2021-10-14;1
Sjælland;2021-10-14;3
Syddanmark;2021-10-14;4
Hovedstaden;2021-10-15;20
Midtjylland;2021-10-15;2
Nordjylland;2021-10-15;2
Sjælland;2021-10-15;5
Syddanmark;2021-10-15;2
Hovedstaden;2021-10-16;13
Midtjylland;2021-10-16;2
Nordjylland;2021-10-16;2
Sjælland;2021-10-16;5
Syddanmark;2021-10-16;1
Hovedstaden;2021-10-17;15
Midtjylland;2021-10-17;1
Sjælland;2021-10-17;3
Syddanmark;2021-10-17;1
Hovedstaden;2021-10-18;24
Midtjylland;2021-10-18;3
Nordjylland;2021-10-18;2
Sjælland;2021-10-18;3
Syddanmark;2021-10-18;3
Hovedstaden;2021-10-19;16
Midtjylland;2021-10-19;3
Sjælland;2021-10-19;2
Syddanmark;2021-10-19;1
Hovedstaden;2021-10-20;20
Midtjylland;2021-10-20;3
Nordjylland;2021-10-20;3
Sjælland;2021-10-20;6
Syddanmark;2021-10-20;5
Hovedstaden;2021-10-21;18
Midtjylland;2021-10-21;7
Nordjylland;2021-10-21;1
Sjælland;2021-10-21;5
Syddanmark;2021-10-21;4
Hovedstaden;2021-10-22;26
Midtjylland;2021-10-22;6
Nordjylland;2021-10-22;4
Sjælland;2021-10-22;4
Syddanmark;2021-10-22;1
Hovedstaden;2021-10-23;25
Midtjylland;2021-10-23;1
Nordjylland;2021-10-23;3
Sjælland;2021-10-23;2
Syddanmark;2021-10-23;3
Hovedstaden;2021-10-24;25
Midtjylland;2021-10-24;6
Nordjylland;2021-10-24;3
Sjælland;2021-10-24;7
Syddanmark;2021-10-24;4
Hovedstaden;2021-10-25;22
Midtjylland;2021-10-25;5
Nordjylland;2021-10-25;2
Sjælland;2021-10-25;3
Syddanmark;2021-10-25;4
Hovedstaden;2021-10-26;18
Midtjylland;2021-10-26;4
Nordjylland;2021-10-26;2
Sjælland;2021-10-26;9
Syddanmark;2021-10-26;4
Hovedstaden;2021-10-27;29
Midtjylland;2021-10-27;7
Nordjylland;2021-10-27;3
Sjælland;2021-10-27;10
Syddanmark;2021-10-27;3
Hovedstaden;2021-10-28;26
Midtjylland;2021-10-28;6
Nordjylland;2021-10-28;1
Sjælland;2021-10-28;6
Syddanmark;2021-10-28;3
Hovedstaden;2021-10-29;27
Midtjylland;2021-10-29;2
Nordjylland;2021-10-29;3
Sjælland;2021-10-29;8
Syddanmark;2021-10-29;7
Hovedstaden;2021-10-30;23
Midtjylland;2021-10-30;1
Nordjylland;2021-10-30;5
Sjælland;2021-10-30;8
Syddanmark;2021-10-30;5
Hovedstaden;2021-10-31;29
Midtjylland;2021-10-31;3
Nordjylland;2021-10-31;2
Sjælland;2021-10-31;5
Syddanmark;2021-10-31;7
Hovedstaden;2021-11-01;35
Midtjylland;2021-11-01;4
Nordjylland;2021-11-01;6
Sjælland;2021-11-01;10
Syddanmark;2021-11-01;8
Hovedstaden;2021-11-02;30
Midtjylland;2021-11-02;5
Nordjylland;2021-11-02;2
Sjælland;2021-11-02;11
Syddanmark;2021-11-02;9
Hovedstaden;2021-11-03;26
Midtjylland;2021-11-03;4
Nordjylland;2021-11-03;7
Sjælland;2021-11-03;5
Syddanmark;2021-11-03;9
Hovedstaden;2021-11-04;36
Midtjylland;2021-11-04;3
Nordjylland;2021-11-04;2
Sjælland;2021-11-04;12
Syddanmark;2021-11-04;10
Hovedstaden;2021-11-05;25
Midtjylland;2021-11-05;5
Nordjylland;2021-11-05;5
Sjælland;2021-11-05;7
Syddanmark;2021-11-05;4
Hovedstaden;2021-11-06;23
Midtjylland;2021-11-06;3
Nordjylland;2021-11-06;1
Sjælland;2021-11-06;7
Syddanmark;2021-11-06;8
Hovedstaden;2021-11-07;31
Midtjylland;2021-11-07;2
Nordjylland;2021-11-07;3
Sjælland;2021-11-07;9
Syddanmark;2021-11-07;11
Hovedstaden;2021-11-08;36
Midtjylland;2021-11-08;9
Nordjylland;2021-11-08;4
Sjælland;2021-11-08;6
Syddanmark;2021-11-08;8
Hovedstaden;2021-11-09;27
Midtjylland;2021-11-09;5
Nordjylland;2021-11-09;3
Sjælland;2021-11-09;5
Syddanmark;2021-11-09;12
Hovedstaden;2021-11-10;31
Midtjylland;2021-11-10;6
Nordjylland;2021-11-10;5
Sjælland;2021-11-10;19
Syddanmark;2021-11-10;8
Hovedstaden;2021-11-11;30
Midtjylland;2021-11-11;6
Nordjylland;2021-11-11;3
Sjælland;2021-11-11;13
Syddanmark;2021-11-11;16
Hovedstaden;2021-11-12;32
Midtjylland;2021-11-12;3
Nordjylland;2021-11-12;6
Sjælland;2021-11-12;18
Syddanmark;2021-11-12;17
Hovedstaden;2021-11-13;32
Midtjylland;2021-11-13;6
Nordjylland;2021-11-13;3
Sjælland;2021-11-13;14
Syddanmark;2021-11-13;7
Hovedstaden;2021-11-14;28
Midtjylland;2021-11-14;5
Nordjylland;2021-11-14;6
Sjælland;2021-11-14;18
Syddanmark;2021-11-14;10
Hovedstaden;2021-11-15;42
Midtjylland;2021-11-15;13
Nordjylland;2021-11-15;5
Sjælland;2021-11-15;13
Syddanmark;2021-11-15;16
Hovedstaden;2021-11-16;35
Midtjylland;2021-11-16;13
Nordjylland;2021-11-16;8
Sjælland;2021-11-16;13
Syddanmark;2021-11-16;15
Hovedstaden;2021-11-17;36
Midtjylland;2021-11-17;11
Nordjylland;2021-11-17;6
Sjælland;2021-11-17;16
Syddanmark;2021-11-17;9
Hovedstaden;2021-11-18;35
Midtjylland;2021-11-18;5
Nordjylland;2021-11-18;6
Sjælland;2021-11-18;17
Syddanmark;2021-11-18;17
Hovedstaden;2021-11-19;24
Midtjylland;2021-11-19;6
Nordjylland;2021-11-19;9
Sjælland;2021-11-19;24
Syddanmark;2021-11-19;14
Hovedstaden;2021-11-20;42
Midtjylland;2021-11-20;13
Nordjylland;2021-11-20;3
Sjælland;2021-11-20;11
Syddanmark;2021-11-20;13
Hovedstaden;2021-11-21;34
Midtjylland;2021-11-21;4
Nordjylland;2021-11-21;10
Sjælland;2021-11-21;8
Syddanmark;2021-11-21;15
Hovedstaden;2021-11-22;41
Midtjylland;2021-11-22;12
Nordjylland;2021-11-22;9
Sjælland;2021-11-22;11
Syddanmark;2021-11-22;15
Hovedstaden;2021-11-23;38
Midtjylland;2021-11-23;6
Nordjylland;2021-11-23;2
Sjælland;2021-11-23;22
Syddanmark;2021-11-23;14
Hovedstaden;2021-11-24;40
Midtjylland;2021-11-24;5
Nordjylland;2021-11-24;4
Sjælland;2021-11-24;16
Syddanmark;2021-11-24;7
Hovedstaden;2021-11-25;39
Midtjylland;2021-11-25;13
Nordjylland;2021-11-25;7
Sjælland;2021-11-25;12
Syddanmark;2021-11-25;14
Hovedstaden;2021-11-26;42
Midtjylland;2021-11-26;10
Nordjylland;2021-11-26;3
Sjælland;2021-11-26;12
Syddanmark;2021-11-26;20
Hovedstaden;2021-11-27;33
Midtjylland;2021-11-27;7
Nordjylland;2021-11-27;6
Sjælland;2021-11-27;13
Syddanmark;2021-11-27;14
Hovedstaden;2021-11-28;32
Midtjylland;2021-11-28;11
Nordjylland;2021-11-28;8
Sjælland;2021-11-28;18
Syddanmark;2021-11-28;8
Hovedstaden;2021-11-29;35
Midtjylland;2021-11-29;7
Nordjylland;2021-11-29;8
Sjælland;2021-11-29;16
Syddanmark;2021-11-29;16
Hovedstaden;2021-11-30;44
Midtjylland;2021-11-30;14
Nordjylland;2021-11-30;8
Sjælland;2021-11-30;14
Syddanmark;2021-11-30;16
Hovedstaden;2021-12-01;38
Midtjylland;2021-12-01;6
Nordjylland;2021-12-01;14
Sjælland;2021-12-01;16
Syddanmark;2021-12-01;8
Hovedstaden;2021-12-02;40
Midtjylland;2021-12-02;13
Nordjylland;2021-12-02;7
Sjælland;2021-12-02;15
Syddanmark;2021-12-02;14
Hovedstaden;2021-12-03;38
Midtjylland;2021-12-03;16
Nordjylland;2021-12-03;11
Sjælland;2021-12-03;18
Syddanmark;2021-12-03;17
Hovedstaden;2021-12-04;42
Midtjylland;2021-12-04;12
Nordjylland;2021-12-04;12
Sjælland;2021-12-04;14
Syddanmark;2021-12-04;11
Hovedstaden;2021-12-05;37
Midtjylland;2021-12-05;11
Nordjylland;2021-12-05;9
Sjælland;2021-12-05;10
Syddanmark;2021-12-05;13
Hovedstaden;2021-12-06;56
Midtjylland;2021-12-06;15
Nordjylland;2021-12-06;12
Sjælland;2021-12-06;19
Syddanmark;2021-12-06;10
Hovedstaden;2021-12-07;41
Midtjylland;2021-12-07;12
Nordjylland;2021-12-07;7
Sjælland;2021-12-07;22
Syddanmark;2021-12-07;13
Hovedstaden;2021-12-08;49
Midtjylland;2021-12-08;10
Nordjylland;2021-12-08;3
Sjælland;2021-12-08;23
Syddanmark;2021-12-08;17
Hovedstaden;2021-12-09;47
Midtjylland;2021-12-09;13
Nordjylland;2021-12-09;2
Sjælland;2021-12-09;13
Syddanmark;2021-12-09;11
Hovedstaden;2021-12-10;54
Midtjylland;2021-12-10;12
Nordjylland;2021-12-10;10
Sjælland;2021-12-10;17
Syddanmark;2021-12-10;24
Hovedstaden;2021-12-11;37
Midtjylland;2021-12-11;6
Nordjylland;2021-12-11;5
Sjælland;2021-12-11;13
Syddanmark;2021-12-11;18
Hovedstaden;2021-12-12;56
Midtjylland;2021-12-12;9
Nordjylland;2021-12-12;3
Sjælland;2021-12-12;13
Syddanmark;2021-12-12;14
Hovedstaden;2021-12-13;57
Midtjylland;2021-12-13;20
Nordjylland;2021-12-13;9
Sjælland;2021-12-13;24
Syddanmark;2021-12-13;11
Hovedstaden;2021-12-14;57
Midtjylland;2021-12-14;13
Nordjylland;2021-12-14;3
Sjælland;2021-12-14;20
Syddanmark;2021-12-14;14
Hovedstaden;2021-12-15;77
Midtjylland;2021-12-15;10
Nordjylland;2021-12-15;10
Sjælland;2021-12-15;26
Syddanmark;2021-12-15;14
Hovedstaden;2021-12-16;55
Midtjylland;2021-12-16;13
Nordjylland;2021-12-16;9
Sjælland;2021-12-16;18
Syddanmark;2021-12-16;20
Hovedstaden;2021-12-17;59
Midtjylland;2021-12-17;16
Nordjylland;2021-12-17;13
Sjælland;2021-12-17;16
Syddanmark;2021-12-17;23
Hovedstaden;2021-12-18;55
Midtjylland;2021-12-18;11
Nordjylland;2021-12-18;6
Sjælland;2021-12-18;19
Syddanmark;2021-12-18;14
Hovedstaden;2021-12-19;52
Midtjylland;2021-12-19;13
Nordjylland;2021-12-19;7
Sjælland;2021-12-19;12
Syddanmark;2021-12-19;13
Hovedstaden;2021-12-20;65
Midtjylland;2021-12-20;16
Nordjylland;2021-12-20;6
Sjælland;2021-12-20;21
Syddanmark;2021-12-20;14
Hovedstaden;2021-12-21;66
Midtjylland;2021-12-21;21
Nordjylland;2021-12-21;10
Sjælland;2021-12-21;24
Syddanmark;2021-12-21;11
Hovedstaden;2021-12-22;76
Midtjylland;2021-12-22;19
Nordjylland;2021-12-22;8
Sjælland;2021-12-22;23
Syddanmark;2021-12-22;18
Hovedstaden;2021-12-23;72
Midtjylland;2021-12-23;21
Nordjylland;2021-12-23;5
Sjælland;2021-12-23;32
Syddanmark;2021-12-23;11
Hovedstaden;2021-12-24;43
Midtjylland;2021-12-24;17
Nordjylland;2021-12-24;11
Sjælland;2021-12-24;14
Syddanmark;2021-12-24;5
Hovedstaden;2021-12-25;68
Midtjylland;2021-12-25;14
Nordjylland;2021-12-25;4
Sjælland;2021-12-25;20
Syddanmark;2021-12-25;15
Hovedstaden;2021-12-26;56
Midtjylland;2021-12-26;13
Nordjylland;2021-12-26;4
Sjælland;2021-12-26;25
Syddanmark;2021-12-26;14
Hovedstaden;2021-12-27;84
Midtjylland;2021-12-27;26
Nordjylland;2021-12-27;7
Sjælland;2021-12-27;31
Syddanmark;2021-12-27;31
Hovedstaden;2021-12-28;86
Midtjylland;2021-12-28;23
Nordjylland;2021-12-28;11
Sjælland;2021-12-28;31
Syddanmark;2021-12-28;21
Hovedstaden;2021-12-29;95
Midtjylland;2021-12-29;28
Nordjylland;2021-12-29;8
Sjælland;2021-12-29;36
Syddanmark;2021-12-29;17
Hovedstaden;2021-12-30;90
Midtjylland;2021-12-30;20
Nordjylland;2021-12-30;13
Sjælland;2021-12-30;31
Syddanmark;2021-12-30;18
Hovedstaden;2021-12-31;60
Midtjylland;2021-12-31;18
Nordjylland;2021-12-31;7
Sjælland;2021-12-31;21
Syddanmark;2021-12-31;15
Hovedstaden;2022-01-01;83
Midtjylland;2022-01-01;21
Nordjylland;2022-01-01;11
Sjælland;2022-01-01;31
Syddanmark;2022-01-01;27
Hovedstaden;2022-01-02;93
Midtjylland;2022-01-02;20
Nordjylland;2022-01-02;19
Sjælland;2022-01-02;32
Syddanmark;2022-01-02;16
Hovedstaden;2022-01-03;110
Midtjylland;2022-01-03;31
Nordjylland;2022-01-03;18
Sjælland;2022-01-03;39
Syddanmark;2022-01-03;27
Hovedstaden;2022-01-04;88
Midtjylland;2022-01-04;29
Nordjylland;2022-01-04;14
Sjælland;2022-01-04;36
Syddanmark;2022-01-04;19
Hovedstaden;2022-01-05;74
Midtjylland;2022-01-05;22
Nordjylland;2022-01-05;14
Sjælland;2022-01-05;30
Syddanmark;2022-01-05;20
Hovedstaden;2022-01-06;85
Midtjylland;2022-01-06;18
Nordjylland;2022-01-06;8
Sjælland;2022-01-06;40
Syddanmark;2022-01-06;27
Hovedstaden;2022-01-07;76
Midtjylland;2022-01-07;24
Nordjylland;2022-01-07;11
Sjælland;2022-01-07;18
Syddanmark;2022-01-07;19
Hovedstaden;2022-01-08;77
Midtjylland;2022-01-08;13
Nordjylland;2022-01-08;6
Sjælland;2022-01-08;22
Syddanmark;2022-01-08;11
Hovedstaden;2022-01-09;68
Midtjylland;2022-01-09;23
Nordjylland;2022-01-09;13
Sjælland;2022-01-09;29
Syddanmark;2022-01-09;26
Hovedstaden;2022-01-10;73
Midtjylland;2022-01-10;28
Nordjylland;2022-01-10;21
Sjælland;2022-01-10;44
Syddanmark;2022-01-10;30
Hovedstaden;2022-01-11;103
Midtjylland;2022-01-11;23
Nordjylland;2022-01-11;19
Sjælland;2022-01-11;31
Syddanmark;2022-01-11;33
Hovedstaden;2022-01-12;93
Midtjylland;2022-01-12;31
Nordjylland;2022-01-12;7
Sjælland;2022-01-12;36
Syddanmark;2022-01-12;27
Hovedstaden;2022-01-13;112
Midtjylland;2022-01-13;30
Nordjylland;2022-01-13;10
Sjælland;2022-01-13;37
Syddanmark;2022-01-13;25
Hovedstaden;2022-01-14;83
Midtjylland;2022-01-14;34
Nordjylland;2022-01-14;15
Sjælland;2022-01-14;39
Syddanmark;2022-01-14;18
Hovedstaden;2022-01-15;65
Midtjylland;2022-01-15;30
Nordjylland;2022-01-15;15
Sjælland;2022-01-15;38
Syddanmark;2022-01-15;20
Hovedstaden;2022-01-16;86
Midtjylland;2022-01-16;38
Nordjylland;2022-01-16;15
Sjælland;2022-01-16;33
Syddanmark;2022-01-16;35
Hovedstaden;2022-01-17;114
Midtjylland;2022-01-17;40
Nordjylland;2022-01-17;20
Sjælland;2022-01-17;51
Syddanmark;2022-01-17;36
Hovedstaden;2022-01-18;105
Midtjylland;2022-01-18;46
Nordjylland;2022-01-18;16
Sjælland;2022-01-18;45
Syddanmark;2022-01-18;40
Hovedstaden;2022-01-19;103
Midtjylland;2022-01-19;39
Nordjylland;2022-01-19;17
Sjælland;2022-01-19;39
Syddanmark;2022-01-19;28
Hovedstaden;2022-01-20;105
Midtjylland;2022-01-20;31
Nordjylland;2022-01-20;19
Sjælland;2022-01-20;36
Syddanmark;2022-01-20;37
Hovedstaden;2022-01-21;113
Midtjylland;2022-01-21;24
Nordjylland;2022-01-21;19
Sjælland;2022-01-21;48
Syddanmark;2022-01-21;32
Hovedstaden;2022-01-22;113
Midtjylland;2022-01-22;27
Nordjylland;2022-01-22;13
Sjælland;2022-01-22;37
Syddanmark;2022-01-22;29
Hovedstaden;2022-01-23;123
Midtjylland;2022-01-23;27
Nordjylland;2022-01-23;16
Sjælland;2022-01-23;53
Syddanmark;2022-01-23;30
Hovedstaden;2022-01-24;148
Midtjylland;2022-01-24;45
Nordjylland;2022-01-24;16
Sjælland;2022-01-24;51
Syddanmark;2022-01-24;43
Hovedstaden;2022-01-25;120
Midtjylland;2022-01-25;31
Nordjylland;2022-01-25;29
Sjælland;2022-01-25;66
Syddanmark;2022-01-25;58
Hovedstaden;2022-01-26;129
Midtjylland;2022-01-26;54
Nordjylland;2022-01-26;17
Sjælland;2022-01-26;51
Syddanmark;2022-01-26;44
Hovedstaden;2022-01-27;144
Midtjylland;2022-01-27;55
Nordjylland;2022-01-27;15
Sjælland;2022-01-27;53
Syddanmark;2022-01-27;43
Hovedstaden;2022-01-28;117
Midtjylland;2022-01-28;44
Nordjylland;2022-01-28;13
Sjælland;2022-01-28;46
Syddanmark;2022-01-28;48
Hovedstaden;2022-01-29;106
Midtjylland;2022-01-29;43
Nordjylland;2022-01-29;7
Sjælland;2022-01-29;44
Syddanmark;2022-01-29;38
Hovedstaden;2022-01-30;120
Midtjylland;2022-01-30;35
Nordjylland;2022-01-30;23
Sjælland;2022-01-30;40
Syddanmark;2022-01-30;35
Hovedstaden;2022-01-31;137
Midtjylland;2022-01-31;57
Nordjylland;2022-01-31;16
Sjælland;2022-01-31;71
Syddanmark;2022-01-31;62
Hovedstaden;2022-02-01;152
Midtjylland;2022-02-01;44
Nordjylland;2022-02-01;29
Sjælland;2022-02-01;69
Syddanmark;2022-02-01;54
Hovedstaden;2022-02-02;131
Midtjylland;2022-02-02;59
Nordjylland;2022-02-02;32
Sjælland;2022-02-02;92
Syddanmark;2022-02-02;55
Hovedstaden;2022-02-03;124
Midtjylland;2022-02-03;66
Nordjylland;2022-02-03;34
Sjælland;2022-02-03;59
Syddanmark;2022-02-03;71
Hovedstaden;2022-02-04;143
Midtjylland;2022-02-04;63
Nordjylland;2022-02-04;35
Sjælland;2022-02-04;65
Syddanmark;2022-02-04;65
Hovedstaden;2022-02-05;104
Midtjylland;2022-02-05;51
Nordjylland;2022-02-05;23
Sjælland;2022-02-05;64
Syddanmark;2022-02-05;55
Hovedstaden;2022-02-06;111
Midtjylland;2022-02-06;51
Nordjylland;2022-02-06;28
Sjælland;2022-02-06;61
Syddanmark;2022-02-06;69
Hovedstaden;2022-02-07;162
Midtjylland;2022-02-07;84
Nordjylland;2022-02-07;29
Sjælland;2022-02-07;73
Syddanmark;2022-02-07;102
Hovedstaden;2022-02-08;127
Midtjylland;2022-02-08;85
Nordjylland;2022-02-08;45
Sjælland;2022-02-08;70
Syddanmark;2022-02-08;92
Hovedstaden;2022-02-09;156
Midtjylland;2022-02-09;81
Nordjylland;2022-02-09;38
Sjælland;2022-02-09;80
Syddanmark;2022-02-09;90
Hovedstaden;2022-02-10;135
Midtjylland;2022-02-10;95
Nordjylland;2022-02-10;36
Sjælland;2022-02-10;63
Syddanmark;2022-02-10;79
Hovedstaden;2022-02-11;138
Midtjylland;2022-02-11;77
Nordjylland;2022-02-11;44
Sjælland;2022-02-11;69
Syddanmark;2022-02-11;85
Hovedstaden;2022-02-12;91
Midtjylland;2022-02-12;61
Nordjylland;2022-02-12;42
Sjælland;2022-02-12;51
Syddanmark;2022-02-12;53
Hovedstaden;2022-02-13;132
Midtjylland;2022-02-13;79
Nordjylland;2022-02-13;39
Sjælland;2022-02-13;50
Syddanmark;2022-02-13;63
Hovedstaden;2022-02-14;167
Midtjylland;2022-02-14;74
Nordjylland;2022-02-14;58
Sjælland;2022-02-14;77
Syddanmark;2022-02-14;101
Hovedstaden;2022-02-15;145
Midtjylland;2022-02-15;83
Nordjylland;2022-02-15;61
Sjælland;2022-02-15;73
Syddanmark;2022-02-15;85
Hovedstaden;2022-02-16;140
Midtjylland;2022-02-16;108
Nordjylland;2022-02-16;48
Sjælland;2022-02-16;67
Syddanmark;2022-02-16;92
Hovedstaden;2022-02-17;131
Midtjylland;2022-02-17;94
Nordjylland;2022-02-17;44
Sjælland;2022-02-17;79
Syddanmark;2022-02-17;116
Hovedstaden;2022-02-18;132
Midtjylland;2022-02-18;66
Nordjylland;2022-02-18;54
Sjælland;2022-02-18;63
Syddanmark;2022-02-18;81
Hovedstaden;2022-02-19;79
Midtjylland;2022-02-19;64
Nordjylland;2022-02-19;57
Sjælland;2022-02-19;51
Syddanmark;2022-02-19;55
Hovedstaden;2022-02-20;121
Midtjylland;2022-02-20;70
Nordjylland;2022-02-20;34
Sjælland;2022-02-20;63
Syddanmark;2022-02-20;66
Hovedstaden;2022-02-21;154
Midtjylland;2022-02-21;103
Nordjylland;2022-02-21;54
Sjælland;2022-02-21;92
Syddanmark;2022-02-21;85
Hovedstaden;2022-02-22;99
Midtjylland;2022-02-22;78
Nordjylland;2022-02-22;55
Sjælland;2022-02-22;78
Syddanmark;2022-02-22;95
Hovedstaden;2022-02-23;106
Midtjylland;2022-02-23;78
Nordjylland;2022-02-23;65
Sjælland;2022-02-23;55
Syddanmark;2022-02-23;88
Hovedstaden;2022-02-24;128
Midtjylland;2022-02-24;66
Nordjylland;2022-02-24;49
Sjælland;2022-02-24;66
Syddanmark;2022-02-24;84
Hovedstaden;2022-02-25;94
Midtjylland;2022-02-25;77
Nordjylland;2022-02-25;58
Sjælland;2022-02-25;54
Syddanmark;2022-02-25;73
Hovedstaden;2022-02-26;72
Midtjylland;2022-02-26;53
Nordjylland;2022-02-26;24
Sjælland;2022-02-26;43
Syddanmark;2022-02-26;52
Hovedstaden;2022-02-27;90
Midtjylland;2022-02-27;47
Nordjylland;2022-02-27;37
Sjælland;2022-02-27;40
Syddanmark;2022-02-27;56
Hovedstaden;2022-02-28;120
Midtjylland;2022-02-28;79
Nordjylland;2022-02-28;58
Sjælland;2022-02-28;62
Syddanmark;2022-02-28;94
Hovedstaden;2022-03-01;97
Midtjylland;2022-03-01;73
Nordjylland;2022-03-01;39
Sjælland;2022-03-01;52
Syddanmark;2022-03-01;80
Hovedstaden;2022-03-02;95
Midtjylland;2022-03-02;69
Nordjylland;2022-03-02;34
Sjælland;2022-03-02;50
Syddanmark;2022-03-02;54
Hovedstaden;2022-03-03;103
Midtjylland;2022-03-03;56
Nordjylland;2022-03-03;41
Sjælland;2022-03-03;53
Syddanmark;2022-03-03;58
Hovedstaden;2022-03-04;107
Midtjylland;2022-03-04;59
Nordjylland;2022-03-04;51
Sjælland;2022-03-04;68
Syddanmark;2022-03-04;72
Hovedstaden;2022-03-05;60
Midtjylland;2022-03-05;37
Nordjylland;2022-03-05;34
Sjælland;2022-03-05;40
Syddanmark;2022-03-05;44
Hovedstaden;2022-03-06;65
Midtjylland;2022-03-06;57
Nordjylland;2022-03-06;22
Sjælland;2022-03-06;39
Syddanmark;2022-03-06;62
Hovedstaden;2022-03-07;90
Midtjylland;2022-03-07;50
Nordjylland;2022-03-07;47
Sjælland;2022-03-07;57
Syddanmark;2022-03-07;70
Hovedstaden;2022-03-08;71
Midtjylland;2022-03-08;61
Nordjylland;2022-03-08;27
Sjælland;2022-03-08;45
Syddanmark;2022-03-08;82
Hovedstaden;2022-03-09;89
Midtjylland;2022-03-09;45
Nordjylland;2022-03-09;42
Sjælland;2022-03-09;48
Syddanmark;2022-03-09;58
Hovedstaden;2022-03-10;55
Midtjylland;2022-03-10;56
Nordjylland;2022-03-10;29
Sjælland;2022-03-10;43
Syddanmark;2022-03-10;61
Hovedstaden;2022-03-11;64
Midtjylland;2022-03-11;52
Nordjylland;2022-03-11;35
Sjælland;2022-03-11;45
Syddanmark;2022-03-11;56
Hovedstaden;2022-03-12;51
Midtjylland;2022-03-12;49
Nordjylland;2022-03-12;13
Sjælland;2022-03-12;39
Syddanmark;2022-03-12;46
Hovedstaden;2022-03-13;58
Midtjylland;2022-03-13;38
Nordjylland;2022-03-13;31
Sjælland;2022-03-13;21
Syddanmark;2022-03-13;41
Hovedstaden;2022-03-14;84
Midtjylland;2022-03-14;53
Nordjylland;2022-03-14;37
Sjælland;2022-03-14;44
Syddanmark;2022-03-14;70
Hovedstaden;2022-03-15;66
Midtjylland;2022-03-15;50
Nordjylland;2022-03-15;37
Sjælland;2022-03-15;36
Syddanmark;2022-03-15;60
Hovedstaden;2022-03-16;55
Midtjylland;2022-03-16;47
Nordjylland;2022-03-16;22
Sjælland;2022-03-16;45
Syddanmark;2022-03-16;58
Hovedstaden;2022-03-17;54
Midtjylland;2022-03-17;42
Nordjylland;2022-03-17;25
Sjælland;2022-03-17;51
Syddanmark;2022-03-17;49
Hovedstaden;2022-03-18;58
Midtjylland;2022-03-18;33
Nordjylland;2022-03-18;20
Sjælland;2022-03-18;31
Syddanmark;2022-03-18;46
Hovedstaden;2022-03-19;49
Midtjylland;2022-03-19;23
Nordjylland;2022-03-19;23
Sjælland;2022-03-19;25
Syddanmark;2022-03-19;49
Hovedstaden;2022-03-20;40
Midtjylland;2022-03-20;28
Nordjylland;2022-03-20;20
Sjælland;2022-03-20;23
Syddanmark;2022-03-20;40
Hovedstaden;2022-03-21;62
Midtjylland;2022-03-21;39
Nordjylland;2022-03-21;21
Sjælland;2022-03-21;38
Syddanmark;2022-03-21;57
Hovedstaden;2022-03-22;57
Midtjylland;2022-03-22;33
Nordjylland;2022-03-22;22
Sjælland;2022-03-22;32
Syddanmark;2022-03-22;51
Hovedstaden;2022-03-23;61
Midtjylland;2022-03-23;46
Nordjylland;2022-03-23;27
Sjælland;2022-03-23;51
Syddanmark;2022-03-23;51
Hovedstaden;2022-03-24;48
Midtjylland;2022-03-24;20
Nordjylland;2022-03-24;20
Sjælland;2022-03-24;35
Syddanmark;2022-03-24;35
Hovedstaden;2022-03-25;38
Midtjylland;2022-03-25;32
Nordjylland;2022-03-25;13
Sjælland;2022-03-25;29
Syddanmark;2022-03-25;49
Hovedstaden;2022-03-26;31
Midtjylland;2022-03-26;30
Nordjylland;2022-03-26;7
Sjælland;2022-03-26;18
Syddanmark;2022-03-26;25
Hovedstaden;2022-03-27;34
Midtjylland;2022-03-27;20
Nordjylland;2022-03-27;12
Sjælland;2022-03-27;21
Syddanmark;2022-03-27;29
Hovedstaden;2022-03-28;57
Midtjylland;2022-03-28;31
Nordjylland;2022-03-28;17
Sjælland;2022-03-28;34
Syddanmark;2022-03-28;42
Hovedstaden;2022-03-29;44
Midtjylland;2022-03-29;24
Nordjylland;2022-03-29;23
Sjælland;2022-03-29;29
Syddanmark;2022-03-29;38
Hovedstaden;2022-03-30;33
Midtjylland;2022-03-30;32
Nordjylland;2022-03-30;14
Sjælland;2022-03-30;33
Syddanmark;2022-03-30;41
Hovedstaden;2022-03-31;40
Midtjylland;2022-03-31;23
Nordjylland;2022-03-31;12
Sjælland;2022-03-31;35
Syddanmark;2022-03-31;33
Hovedstaden;2022-04-01;47
Midtjylland;2022-04-01;20
Nordjylland;2022-04-01;22
Sjælland;2022-04-01;22
Syddanmark;2022-04-01;25
Hovedstaden;2022-04-02;33
Midtjylland;2022-04-02;14
Nordjylland;2022-04-02;13
Sjælland;2022-04-02;19
Syddanmark;2022-04-02;18
Hovedstaden;2022-04-03;30
Midtjylland;2022-04-03;25
Nordjylland;2022-04-03;12
Sjælland;2022-04-03;16
Syddanmark;2022-04-03;23
Hovedstaden;2022-04-04;54
Midtjylland;2022-04-04;24
Nordjylland;2022-04-04;15
Sjælland;2022-04-04;29
Syddanmark;2022-04-04;33
Hovedstaden;2022-04-05;44
Midtjylland;2022-04-05;24
Nordjylland;2022-04-05;13
Sjælland;2022-04-05;33
Syddanmark;2022-04-05;25
Hovedstaden;2022-04-06;43
Midtjylland;2022-04-06;27
Nordjylland;2022-04-06;13
Sjælland;2022-04-06;28
Syddanmark;2022-04-06;26
Hovedstaden;2022-04-07;32
Midtjylland;2022-04-07;20
Nordjylland;2022-04-07;13
Sjælland;2022-04-07;18
Syddanmark;2022-04-07;30
Hovedstaden;2022-04-08;35
Midtjylland;2022-04-08;13
Nordjylland;2022-04-08;15
Sjælland;2022-04-08;16
Syddanmark;2022-04-08;35
Hovedstaden;2022-04-09;20
Midtjylland;2022-04-09;18
Nordjylland;2022-04-09;13
Sjælland;2022-04-09;22
Syddanmark;2022-04-09;24
Hovedstaden;2022-04-10;32
Midtjylland;2022-04-10;12
Nordjylland;2022-04-10;4
Sjælland;2022-04-10;22
Syddanmark;2022-04-10;21
Hovedstaden;2022-04-11;42
Midtjylland;2022-04-11;20
Nordjylland;2022-04-11;11
Sjælland;2022-04-11;27
Syddanmark;2022-04-11;19
Hovedstaden;2022-04-12;35
Midtjylland;2022-04-12;19
Nordjylland;2022-04-12;8
Sjælland;2022-04-12;20
Syddanmark;2022-04-12;23
Hovedstaden;2022-04-13;37
Midtjylland;2022-04-13;21
Nordjylland;2022-04-13;9
Sjælland;2022-04-13;31
Syddanmark;2022-04-13;18
Hovedstaden;2022-04-14;23
Midtjylland;2022-04-14;13
Nordjylland;2022-04-14;9
Sjælland;2022-04-14;19
Syddanmark;2022-04-14;19
Hovedstaden;2022-04-15;26
Midtjylland;2022-04-15;18
Nordjylland;2022-04-15;12
Sjælland;2022-04-15;15
Syddanmark;2022-04-15;16
Hovedstaden;2022-04-16;25
Midtjylland;2022-04-16;18
Nordjylland;2022-04-16;4
Sjælland;2022-04-16;23
Syddanmark;2022-04-16;11
Hovedstaden;2022-04-17;30
Midtjylland;2022-04-17;13
Nordjylland;2022-04-17;10
Sjælland;2022-04-17;18
Syddanmark;2022-04-17;19
Hovedstaden;2022-04-18;37
Midtjylland;2022-04-18;17
Nordjylland;2022-04-18;6
Sjælland;2022-04-18;12
Syddanmark;2022-04-18;14
Hovedstaden;2022-04-19;40
Midtjylland;2022-04-19;9
Nordjylland;2022-04-19;8
Sjælland;2022-04-19;20
Syddanmark;2022-04-19;23
Hovedstaden;2022-04-20;36
Midtjylland;2022-04-20;16
Nordjylland;2022-04-20;14
Sjælland;2022-04-20;13
Syddanmark;2022-04-20;22
Hovedstaden;2022-04-21;28
Midtjylland;2022-04-21;19
Nordjylland;2022-04-21;11
Sjælland;2022-04-21;14
Syddanmark;2022-04-21;18
Hovedstaden;2022-04-22;31
Midtjylland;2022-04-22;13
Nordjylland;2022-04-22;11
Sjælland;2022-04-22;15
Syddanmark;2022-04-22;15
Hovedstaden;2022-04-23;23
Midtjylland;2022-04-23;9
Nordjylland;2022-04-23;3
Sjælland;2022-04-23;9
Syddanmark;2022-04-23;10
Hovedstaden;2022-04-24;25
Midtjylland;2022-04-24;6
Nordjylland;2022-04-24;10
Sjælland;2022-04-24;15
Syddanmark;2022-04-24;14
Hovedstaden;2022-04-25;27
Midtjylland;2022-04-25;17
Nordjylland;2022-04-25;9
Sjælland;2022-04-25;19
Syddanmark;2022-04-25;14
Hovedstaden;2022-04-26;34
Midtjylland;2022-04-26;9
Nordjylland;2022-04-26;9
Sjælland;2022-04-26;22
Syddanmark;2022-04-26;13
Hovedstaden;2022-04-27;19
Midtjylland;2022-04-27;13
Nordjylland;2022-04-27;6
Sjælland;2022-04-27;12
Syddanmark;2022-04-27;12
Hovedstaden;2022-04-28;21
Midtjylland;2022-04-28;12
Nordjylland;2022-04-28;7
Sjælland;2022-04-28;14
Syddanmark;2022-04-28;11
Hovedstaden;2022-04-29;24
Midtjylland;2022-04-29;8
Nordjylland;2022-04-29;2
Sjælland;2022-04-29;14
Syddanmark;2022-04-29;14
Hovedstaden;2022-04-30;25
Midtjylland;2022-04-30;7
Nordjylland;2022-04-30;1
Sjælland;2022-04-30;8
Syddanmark;2022-04-30;7
Hovedstaden;2022-05-01;17
Midtjylland;2022-05-01;5
Nordjylland;2022-05-01;3
Sjælland;2022-05-01;11
Syddanmark;2022-05-01;11
Hovedstaden;2022-05-02;28
Midtjylland;2022-05-02;9
Nordjylland;2022-05-02;3
Sjælland;2022-05-02;10
Syddanmark;2022-05-02;7
Hovedstaden;2022-05-03;22
Midtjylland;2022-05-03;12
Nordjylland;2022-05-03;7
Sjælland;2022-05-03;13
Syddanmark;2022-05-03;7
Hovedstaden;2022-05-04;23
Midtjylland;2022-05-04;7
Nordjylland;2022-05-04;7
Sjælland;2022-05-04;9
Syddanmark;2022-05-04;13
Hovedstaden;2022-05-05;20
Midtjylland;2022-05-05;5
Nordjylland;2022-05-05;5
Sjælland;2022-05-05;13
Syddanmark;2022-05-05;5
Hovedstaden;2022-05-06;19
Midtjylland;2022-05-06;11
Nordjylland;2022-05-06;10
Sjælland;2022-05-06;4
Syddanmark;2022-05-06;15
Hovedstaden;2022-05-07;10
Midtjylland;2022-05-07;7
Nordjylland;2022-05-07;3
Sjælland;2022-05-07;11
Syddanmark;2022-05-07;5
Hovedstaden;2022-05-08;12
Midtjylland;2022-05-08;7
Nordjylland;2022-05-08;9
Sjælland;2022-05-08;8
Syddanmark;2022-05-08;12
Hovedstaden;2022-05-09;17
Midtjylland;2022-05-09;6
Nordjylland;2022-05-09;7
Sjælland;2022-05-09;10
Syddanmark;2022-05-09;12
Hovedstaden;2022-05-10;20
Midtjylland;2022-05-10;8
Nordjylland;2022-05-10;5
Sjælland;2022-05-10;9
Syddanmark;2022-05-10;8
Hovedstaden;2022-05-11;15
Midtjylland;2022-05-11;2
Nordjylland;2022-05-11;3
Sjælland;2022-05-11;5
Syddanmark;2022-05-11;11
Hovedstaden;2022-05-12;15
Midtjylland;2022-05-12;5
Nordjylland;2022-05-12;2
Sjælland;2022-05-12;7
Syddanmark;2022-05-12;11
Hovedstaden;2022-05-13;15
Midtjylland;2022-05-13;7
Nordjylland;2022-05-13;7
Sjælland;2022-05-13;6
Syddanmark;2022-05-13;3
Hovedstaden;2022-05-14;12
Midtjylland;2022-05-14;5
Nordjylland;2022-05-14;3
Sjælland;2022-05-14;2
Syddanmark;2022-05-14;2
Hovedstaden;2022-05-15;14
Midtjylland;2022-05-15;8
Nordjylland;2022-05-15;6
Sjælland;2022-05-15;5
Syddanmark;2022-05-15;5
Hovedstaden;2022-05-16;22
Midtjylland;2022-05-16;11
Nordjylland;2022-05-16;5
Sjælland;2022-05-16;8
Syddanmark;2022-05-16;4
Hovedstaden;2022-05-17;15
Midtjylland;2022-05-17;5
Nordjylland;2022-05-17;1
Sjælland;2022-05-17;5
Syddanmark;2022-05-17;9
Hovedstaden;2022-05-18;14
Midtjylland;2022-05-18;6
Nordjylland;2022-05-18;3
Sjælland;2022-05-18;3
Syddanmark;2022-05-18;7
Hovedstaden;2022-05-19;18
Midtjylland;2022-05-19;7
Nordjylland;2022-05-19;4
Sjælland;2022-05-19;8
Syddanmark;2022-05-19;7
Hovedstaden;2022-05-20;8
Midtjylland;2022-05-20;5
Nordjylland;2022-05-20;4
Sjælland;2022-05-20;9
Syddanmark;2022-05-20;3
Hovedstaden;2022-05-21;7
Midtjylland;2022-05-21;6
Nordjylland;2022-05-21;5
Sjælland;2022-05-21;9
Syddanmark;2022-05-21;7
Hovedstaden;2022-05-22;10
Midtjylland;2022-05-22;4
Nordjylland;2022-05-22;1
Sjælland;2022-05-22;3
Syddanmark;2022-05-22;5
Hovedstaden;2022-05-23;17
Midtjylland;2022-05-23;3
Nordjylland;2022-05-23;4
Sjælland;2022-05-23;12
Syddanmark;2022-05-23;5
Hovedstaden;2022-05-24;12
Midtjylland;2022-05-24;6
Nordjylland;2022-05-24;2
Sjælland;2022-05-24;5
Hovedstaden;2022-05-25;11
Midtjylland;2022-05-25;6
Nordjylland;2022-05-25;4
Sjælland;2022-05-25;8
Syddanmark;2022-05-25;8
Hovedstaden;2022-05-26;13
Midtjylland;2022-05-26;2
Nordjylland;2022-05-26;2
Sjælland;2022-05-26;1
Hovedstaden;2022-05-27;13
Midtjylland;2022-05-27;3
Nordjylland;2022-05-27;5
Sjælland;2022-05-27;5
Syddanmark;2022-05-27;3
Hovedstaden;2022-05-28;8
Midtjylland;2022-05-28;3
Nordjylland;2022-05-28;2
Sjælland;2022-05-28;3
Syddanmark;2022-05-28;3
Hovedstaden;2022-05-29;13
Midtjylland;2022-05-29;5
Nordjylland;2022-05-29;1
Sjælland;2022-05-29;5
Syddanmark;2022-05-29;5
Hovedstaden;2022-05-30;11
Midtjylland;2022-05-30;10
Sjælland;2022-05-30;3
Syddanmark;2022-05-30;6
Hovedstaden;2022-05-31;9
Midtjylland;2022-05-31;4
Nordjylland;2022-05-31;3
Sjælland;2022-05-31;6
Syddanmark;2022-05-31;3
Hovedstaden;2022-06-01;10
Midtjylland;2022-06-01;3
Nordjylland;2022-06-01;2
Sjælland;2022-06-01;7
Syddanmark;2022-06-01;6
Hovedstaden;2022-06-02;7
Midtjylland;2022-06-02;8
Nordjylland;2022-06-02;3
Sjælland;2022-06-02;6
Syddanmark;2022-06-02;4
Hovedstaden;2022-06-03;15
Midtjylland;2022-06-03;3
Nordjylland;2022-06-03;4
Sjælland;2022-06-03;6
Syddanmark;2022-06-03;6
Hovedstaden;2022-06-04;6
Midtjylland;2022-06-04;4
Nordjylland;2022-06-04;2
Sjælland;2022-06-04;2
Syddanmark;2022-06-04;3
Hovedstaden;2022-06-05;17
Midtjylland;2022-06-05;8
Nordjylland;2022-06-05;4
Sjælland;2022-06-05;6
Syddanmark;2022-06-05;3
Hovedstaden;2022-06-06;10
Midtjylland;2022-06-06;4
Sjælland;2022-06-06;7
Syddanmark;2022-06-06;5
Hovedstaden;2022-06-07;14
Midtjylland;2022-06-07;5
Nordjylland;2022-06-07;2
Sjælland;2022-06-07;6
Syddanmark;2022-06-07;7
Hovedstaden;2022-06-08;11
Midtjylland;2022-06-08;5
Nordjylland;2022-06-08;1
Sjælland;2022-06-08;2
Syddanmark;2022-06-08;7
Hovedstaden;2022-06-09;15
Midtjylland;2022-06-09;4
Nordjylland;2022-06-09;1
Sjælland;2022-06-09;4
Syddanmark;2022-06-09;7
Hovedstaden;2022-06-10;20
Midtjylland;2022-06-10;2
Nordjylland;2022-06-10;1
Sjælland;2022-06-10;8
Syddanmark;2022-06-10;6
Hovedstaden;2022-06-11;16
Midtjylland;2022-06-11;6
Sjælland;2022-06-11;7
Syddanmark;2022-06-11;4
Hovedstaden;2022-06-12;15
Midtjylland;2022-06-12;3
Nordjylland;2022-06-12;2
Sjælland;2022-06-12;8
Syddanmark;2022-06-12;4
Hovedstaden;2022-06-13;16
Midtjylland;2022-06-13;7
Nordjylland;2022-06-13;9
Sjælland;2022-06-13;13
Syddanmark;2022-06-13;13
Hovedstaden;2022-06-14;27
Midtjylland;2022-06-14;8
Nordjylland;2022-06-14;2
Sjælland;2022-06-14;4
Syddanmark;2022-06-14;4
Hovedstaden;2022-06-15;8
Midtjylland;2022-06-15;5
Nordjylland;2022-06-15;5
Sjælland;2022-06-15;8
Syddanmark;2022-06-15;6
Hovedstaden;2022-06-16;19
Midtjylland;2022-06-16;5
Nordjylland;2022-06-16;3
Sjælland;2022-06-16;12
Syddanmark;2022-06-16;7
Hovedstaden;2022-06-17;20
Midtjylland;2022-06-17;5
Nordjylland;2022-06-17;2
Sjælland;2022-06-17;8
Syddanmark;2022-06-17;6
Hovedstaden;2022-06-18;21
Midtjylland;2022-06-18;11
Nordjylland;2022-06-18;3
Sjælland;2022-06-18;7
Syddanmark;2022-06-18;7
Hovedstaden;2022-06-19;15
Midtjylland;2022-06-19;11
Nordjylland;2022-06-19;3
Sjælland;2022-06-19;7
Syddanmark;2022-06-19;7
Hovedstaden;2022-06-20;15
Midtjylland;2022-06-20;12
Nordjylland;2022-06-20;3
Sjælland;2022-06-20;9
Syddanmark;2022-06-20;10
Hovedstaden;2022-06-21;34
Midtjylland;2022-06-21;6
Nordjylland;2022-06-21;8
Sjælland;2022-06-21;12
Syddanmark;2022-06-21;11
Hovedstaden;2022-06-22;30
Midtjylland;2022-06-22;11
Nordjylland;2022-06-22;7
Sjælland;2022-06-22;14
Syddanmark;2022-06-22;13
Hovedstaden;2022-06-23;26
Midtjylland;2022-06-23;6
Nordjylland;2022-06-23;4
Sjælland;2022-06-23;7
Syddanmark;2022-06-23;15
Hovedstaden;2022-06-24;2
Nordjylland;2022-06-24;1
Sjælland;2022-06-24;2
