"Region";"Dato";"Døde";"Kummuleret antal døde"
;2020-02-26;0;0
;2020-02-27;0;0
;2020-02-28;0;0
;2020-03-01;0;0
;2020-03-02;0;0
;2020-03-03;0;0
;2020-03-04;0;0
;2020-03-05;0;0
;2020-03-06;0;0
;2020-03-07;0;0
;2020-03-08;0;0
;2020-03-09;0;0
;2020-03-10;0;0
;2020-03-11;0;0
;2020-03-12;0;0
;2020-03-13;0;0
Hovedstaden;2020-03-14;1;1
Hovedstaden;2020-03-15;1;2
Midtjylland;2020-03-15;1;3
Hovedstaden;2020-03-16;1;4
Hovedstaden;2020-03-17;1;5
Sjælland;2020-03-18;1;6
Hovedstaden;2020-03-18;2;8
Midtjylland;2020-03-19;2;10
Hovedstaden;2020-03-19;3;13
Hovedstaden;2020-03-20;2;15
Sjælland;2020-03-20;1;16
Syddanmark;2020-03-20;1;17
Hovedstaden;2020-03-21;3;20
Hovedstaden;2020-03-22;2;22
Midtjylland;2020-03-22;1;23
Sjælland;2020-03-23;1;24
Hovedstaden;2020-03-23;4;28
Midtjylland;2020-03-23;1;29
Nordjylland;2020-03-24;1;30
Sjælland;2020-03-24;4;34
Hovedstaden;2020-03-24;1;35
Sjælland;2020-03-25;2;37
Midtjylland;2020-03-25;1;38
Hovedstaden;2020-03-25;2;40
Syddanmark;2020-03-25;1;41
Hovedstaden;2020-03-26;6;47
Syddanmark;2020-03-26;1;48
Sjælland;2020-03-26;3;51
Sjælland;2020-03-27;2;53
Hovedstaden;2020-03-27;7;60
Nordjylland;2020-03-27;1;61
Syddanmark;2020-03-27;2;63
Nordjylland;2020-03-28;1;64
Midtjylland;2020-03-28;2;66
Sjælland;2020-03-28;1;67
Syddanmark;2020-03-28;1;68
Hovedstaden;2020-03-28;4;72
Midtjylland;2020-03-29;2;74
Hovedstaden;2020-03-29;2;76
Syddanmark;2020-03-29;3;79
Nordjylland;2020-03-29;1;80
Sjælland;2020-03-30;4;84
Hovedstaden;2020-03-30;6;90
Midtjylland;2020-03-30;1;91
Syddanmark;2020-03-31;1;92
Sjælland;2020-03-31;3;95
Nordjylland;2020-03-31;2;97
Hovedstaden;2020-03-31;8;105
Midtjylland;2020-03-31;1;106
Midtjylland;2020-04-01;2;108
Sjælland;2020-04-01;5;113
Nordjylland;2020-04-01;1;114
Hovedstaden;2020-04-01;13;127
Syddanmark;2020-04-01;1;128
Midtjylland;2020-04-02;4;132
Sjælland;2020-04-02;4;136
Hovedstaden;2020-04-02;9;145
Nordjylland;2020-04-02;1;146
Midtjylland;2020-04-03;1;147
Hovedstaden;2020-04-03;14;161
Syddanmark;2020-04-03;1;162
Sjælland;2020-04-03;4;166
Nordjylland;2020-04-04;1;167
Hovedstaden;2020-04-04;7;174
Midtjylland;2020-04-04;5;179
Sjælland;2020-04-04;2;181
Nordjylland;2020-04-05;1;182
Hovedstaden;2020-04-05;6;188
Midtjylland;2020-04-05;2;190
Syddanmark;2020-04-05;1;191
Sjælland;2020-04-05;2;193
Sjælland;2020-04-06;2;195
Syddanmark;2020-04-06;4;199
Hovedstaden;2020-04-06;11;210
Nordjylland;2020-04-07;1;211
Hovedstaden;2020-04-07;11;222
Sjælland;2020-04-08;4;226
Nordjylland;2020-04-08;1;227
Midtjylland;2020-04-08;2;229
Hovedstaden;2020-04-08;8;237
Nordjylland;2020-04-09;1;238
Hovedstaden;2020-04-09;7;245
Sjælland;2020-04-09;1;246
Midtjylland;2020-04-09;3;249
Nordjylland;2020-04-10;1;250
Sjælland;2020-04-10;3;253
Hovedstaden;2020-04-10;10;263
Midtjylland;2020-04-10;2;265
Midtjylland;2020-04-11;2;267
Nordjylland;2020-04-11;1;268
Sjælland;2020-04-11;2;270
Hovedstaden;2020-04-11;6;276
Hovedstaden;2020-04-12;8;284
Syddanmark;2020-04-12;1;285
Midtjylland;2020-04-12;2;287
Sjælland;2020-04-13;1;288
Midtjylland;2020-04-13;4;292
Syddanmark;2020-04-13;1;293
Nordjylland;2020-04-13;2;295
Hovedstaden;2020-04-13;8;303
Midtjylland;2020-04-14;3;306
Syddanmark;2020-04-14;1;307
Hovedstaden;2020-04-14;8;315
Hovedstaden;2020-04-15;6;321
Sjælland;2020-04-15;1;322
Midtjylland;2020-04-15;3;325
Syddanmark;2020-04-16;1;326
Hovedstaden;2020-04-16;5;331
Midtjylland;2020-04-16;1;332
Sjælland;2020-04-16;5;337
Midtjylland;2020-04-17;1;338
Sjælland;2020-04-17;4;342
Hovedstaden;2020-04-17;4;346
Hovedstaden;2020-04-18;8;354
Syddanmark;2020-04-18;1;355
Sjælland;2020-04-18;1;356
Midtjylland;2020-04-19;2;358
Hovedstaden;2020-04-19;3;361
Syddanmark;2020-04-19;1;362
Nordjylland;2020-04-20;1;363
Hovedstaden;2020-04-20;3;366
Midtjylland;2020-04-20;1;367
Syddanmark;2020-04-20;0;367
Sjælland;2020-04-20;2;369
Syddanmark;2020-04-21;1;370
Hovedstaden;2020-04-21;8;378
Midtjylland;2020-04-21;1;379
Sjælland;2020-04-21;2;381
Syddanmark;2020-04-22;1;382
Hovedstaden;2020-04-22;10;392
Sjælland;2020-04-22;2;394
Midtjylland;2020-04-22;1;395
Nordjylland;2020-04-23;1;396
Hovedstaden;2020-04-23;6;402
Syddanmark;2020-04-23;1;403
Sjælland;2020-04-23;1;404
Midtjylland;2020-04-23;1;405
Sjælland;2020-04-24;1;406
Hovedstaden;2020-04-24;5;411
Sjælland;2020-04-25;1;412
Hovedstaden;2020-04-25;4;416
Sjælland;2020-04-26;1;417
Hovedstaden;2020-04-26;4;421
Nordjylland;2020-04-27;1;422
Sjælland;2020-04-27;3;425
Hovedstaden;2020-04-27;5;430
Sjælland;2020-04-28;1;431
Hovedstaden;2020-04-28;7;438
Midtjylland;2020-04-28;2;440
Sjælland;2020-04-29;2;442
Hovedstaden;2020-04-29;5;447
Midtjylland;2020-04-29;2;449
Sjælland;2020-04-30;1;450
Syddanmark;2020-04-30;1;451
Hovedstaden;2020-04-30;5;456
Midtjylland;2020-04-30;2;458
Syddanmark;2020-05-01;2;460
Sjælland;2020-05-01;4;464
Midtjylland;2020-05-01;2;466
Hovedstaden;2020-05-01;3;469
Hovedstaden;2020-05-02;4;473
Sjælland;2020-05-02;4;477
Hovedstaden;2020-05-03;5;482
Midtjylland;2020-05-03;2;484
Sjælland;2020-05-03;2;486
Hovedstaden;2020-05-04;2;488
Sjælland;2020-05-04;3;491
Midtjylland;2020-05-04;2;493
Sjælland;2020-05-05;2;495
Syddanmark;2020-05-05;0;495
Hovedstaden;2020-05-05;1;496
Sjælland;2020-05-06;2;498
Hovedstaden;2020-05-06;4;502
Nordjylland;2020-05-06;0;502
Hovedstaden;2020-05-07;4;506
Sjælland;2020-05-07;2;508
Sjælland;2020-05-08;4;512
Hovedstaden;2020-05-08;0;512
Hovedstaden;2020-05-09;3;515
Midtjylland;2020-05-09;0;515
Sjælland;2020-05-10;1;516
Hovedstaden;2020-05-10;2;518
Midtjylland;2020-05-10;2;520
Syddanmark;2020-05-11;0;520
Hovedstaden;2020-05-11;4;524
Midtjylland;2020-05-11;0;524
Sjælland;2020-05-12;2;526
Hovedstaden;2020-05-12;5;531
Sjælland;2020-05-13;0;531
Hovedstaden;2020-05-13;5;536
Midtjylland;2020-05-14;0;536
Syddanmark;2020-05-15;1;537
Hovedstaden;2020-05-15;2;539
Sjælland;2020-05-15;3;542
Sjælland;2020-05-16;2;544
Hovedstaden;2020-05-16;1;545
Syddanmark;2020-05-17;1;546
Hovedstaden;2020-05-17;2;548
Sjælland;2020-05-18;3;551
Hovedstaden;2020-05-18;0;551
Hovedstaden;2020-05-19;1;552
Sjælland;2020-05-19;1;553
Sjælland;2020-05-20;1;554
Hovedstaden;2020-05-20;2;556
Nordjylland;2020-05-20;1;557
Syddanmark;2020-05-20;1;558
Sjælland;2020-05-21;0;558
Hovedstaden;2020-05-21;0;558
Hovedstaden;2020-05-22;1;559
Sjælland;2020-05-23;0;559
Hovedstaden;2020-05-23;1;560
Hovedstaden;2020-05-24;1;561
Sjælland;2020-05-25;0;561
Midtjylland;2020-05-26;0;561
Hovedstaden;2020-05-26;1;562
Syddanmark;2020-05-26;2;564
Sjælland;2020-05-27;1;565
Sjælland;2020-05-28;0;565
Hovedstaden;2020-05-28;0;565
Sjælland;2020-05-29;1;566
Hovedstaden;2020-05-29;0;566
Midtjylland;2020-05-29;0;566
Hovedstaden;2020-05-30;4;570
Hovedstaden;2020-05-31;2;572
Hovedstaden;2020-06-01;3;575
Hovedstaden;2020-06-02;1;576
Midtjylland;2020-06-02;0;576
Hovedstaden;2020-06-03;1;577
Sjælland;2020-06-04;1;578
Hovedstaden;2020-06-04;3;581
Sjælland;2020-06-05;0;581
Hovedstaden;2020-06-05;1;582
Syddanmark;2020-06-05;1;583
Hovedstaden;2020-06-06;3;586
Sjælland;2020-06-07;1;587
Hovedstaden;2020-06-07;1;588
Hovedstaden;2020-06-08;0;588
Hovedstaden;2020-06-09;0;588
Sjælland;2020-06-10;0;588
Hovedstaden;2020-06-10;0;588
Sjælland;2020-06-11;1;589
Sjælland;2020-06-12;2;591
Hovedstaden;2020-06-12;1;592
Hovedstaden;2020-06-13;0;592
Hovedstaden;2020-06-14;1;593
;2020-06-15;0;593
Hovedstaden;2020-06-16;1;594
Hovedstaden;2020-06-17;1;595
Hovedstaden;2020-06-18;1;596
Nordjylland;2020-06-19;1;597
Hovedstaden;2020-06-20;1;598
;2020-06-21;0;598
;2020-06-22;0;598
Sjælland;2020-06-23;1;599
;2020-06-24;0;599
Nordjylland;2020-06-25;1;600
;2020-06-26;0;600
;2020-06-27;0;600
Nordjylland;2020-06-28;1;601
Hovedstaden;2020-06-28;0;601
Sjælland;2020-06-29;0;601
;2020-06-30;0;601
Sjælland;2020-07-01;1;602
Sjælland;2020-07-02;0;602
;2020-07-03;0;602
Hovedstaden;2020-07-04;1;603
;2020-07-05;0;603
Hovedstaden;2020-07-06;2;605
;2020-07-07;0;605
;2020-07-08;0;605
;2020-07-09;0;605
Hovedstaden;2020-07-10;3;608
Sjælland;2020-07-11;1;609
;2020-07-12;0;609
;2020-07-13;0;609
;2020-07-14;0;609
Midtjylland;2020-07-15;1;610
;2020-07-16;0;610
Hovedstaden;2020-07-17;1;611
;2020-07-18;0;611
;2020-07-19;0;611
;2020-07-20;0;611
Nordjylland;2020-07-21;0;611
Hovedstaden;2020-07-22;2;613
;2020-07-23;0;613
Hovedstaden;2020-07-24;0;613
Syddanmark;2020-07-25;0;613
;2020-07-26;0;613
Hovedstaden;2020-07-27;0;613
Sjælland;2020-07-28;1;614
Hovedstaden;2020-07-29;0;614
Nordjylland;2020-07-29;1;615
;2020-07-30;0;615
Sjælland;2020-07-31;1;616
;2020-08-01;0;616
;2020-08-02;0;616
;2020-08-03;0;616
;2020-08-04;0;616
Hovedstaden;2020-08-05;1;617
;2020-08-06;0;617
;2020-08-07;0;617
Hovedstaden;2020-08-08;1;618
Sjælland;2020-08-09;1;619
Hovedstaden;2020-08-09;1;620
Midtjylland;2020-08-10;1;621
Nordjylland;2020-08-11;0;621
Sjælland;2020-08-12;0;621
;2020-08-13;0;621
;2020-08-14;0;621
;2020-08-15;0;621
;2020-08-16;0;621
;2020-08-17;0;621
;2020-08-18;0;621
;2020-08-19;0;621
;2020-08-20;0;621
Midtjylland;2020-08-21;1;622
Hovedstaden;2020-08-21;0;622
Nordjylland;2020-08-22;1;623
;2020-08-23;0;623
;2020-08-24;0;623
Nordjylland;2020-08-25;1;624
;2020-08-26;0;624
;2020-08-27;0;624
;2020-08-28;0;624
;2020-08-29;0;624
;2020-08-30;0;624
Syddanmark;2020-08-31;1;625
Nordjylland;2020-08-31;1;626
;2020-09-01;0;626
;2020-09-02;0;626
Nordjylland;2020-09-03;1;627
;2020-09-04;0;627
;2020-09-05;0;627
Hovedstaden;2020-09-06;1;628
Hovedstaden;2020-09-07;1;629
;2020-09-08;0;629
Syddanmark;2020-09-09;1;630
;2020-09-10;0;630
Nordjylland;2020-09-11;1;631
Hovedstaden;2020-09-12;1;632
Hovedstaden;2020-09-13;2;634
;2020-09-14;0;634
Hovedstaden;2020-09-15;1;635
Nordjylland;2020-09-16;1;636
Midtjylland;2020-09-17;0;636
;2020-09-18;0;636
Hovedstaden;2020-09-19;3;639
Hovedstaden;2020-09-20;2;641
Sjælland;2020-09-20;1;642
Hovedstaden;2020-09-21;1;643
Nordjylland;2020-09-22;1;644
Hovedstaden;2020-09-22;1;645
Hovedstaden;2020-09-23;1;646
Sjælland;2020-09-24;1;647
Hovedstaden;2020-09-24;1;648
Midtjylland;2020-09-24;0;648
Hovedstaden;2020-09-25;1;649
Hovedstaden;2020-09-26;1;650
Nordjylland;2020-09-26;0;650
;2020-09-27;0;650
Hovedstaden;2020-09-28;1;651
Nordjylland;2020-09-29;1;652
;2020-09-30;0;652
Midtjylland;2020-10-01;1;653
Nordjylland;2020-10-01;1;654
Hovedstaden;2020-10-02;2;656
Syddanmark;2020-10-03;1;657
Hovedstaden;2020-10-03;2;659
Nordjylland;2020-10-04;1;660
Midtjylland;2020-10-04;1;661
Hovedstaden;2020-10-04;1;662
Nordjylland;2020-10-05;1;663
Hovedstaden;2020-10-05;1;664
;2020-10-06;0;664
Syddanmark;2020-10-07;1;665
Nordjylland;2020-10-08;1;666
Midtjylland;2020-10-08;1;667
Hovedstaden;2020-10-08;1;668
Hovedstaden;2020-10-09;1;669
Hovedstaden;2020-10-10;3;672
Sjælland;2020-10-11;1;673
Hovedstaden;2020-10-11;1;674
Hovedstaden;2020-10-12;3;677
Nordjylland;2020-10-13;1;678
Hovedstaden;2020-10-14;1;679
;2020-10-15;0;679
Syddanmark;2020-10-16;1;680
Nordjylland;2020-10-16;1;681
Syddanmark;2020-10-17;4;685
Nordjylland;2020-10-17;1;686
Syddanmark;2020-10-18;2;688
Hovedstaden;2020-10-18;1;689
Midtjylland;2020-10-19;0;689
Hovedstaden;2020-10-19;1;690
Hovedstaden;2020-10-20;2;692
Syddanmark;2020-10-20;1;693
Nordjylland;2020-10-21;2;695
Hovedstaden;2020-10-21;2;697
Syddanmark;2020-10-22;1;698
Nordjylland;2020-10-22;0;698
Hovedstaden;2020-10-22;3;701
Syddanmark;2020-10-23;1;702
Nordjylland;2020-10-23;1;703
Hovedstaden;2020-10-23;2;705
Midtjylland;2020-10-23;1;706
Syddanmark;2020-10-24;1;707
Hovedstaden;2020-10-24;2;709
Midtjylland;2020-10-25;1;710
Hovedstaden;2020-10-25;2;712
Sjælland;2020-10-26;1;713
Midtjylland;2020-10-26;1;714
Hovedstaden;2020-10-26;0;714
Nordjylland;2020-10-26;1;715
Hovedstaden;2020-10-27;2;717
Hovedstaden;2020-10-28;2;719
Sjælland;2020-10-28;0;719
Nordjylland;2020-10-28;1;720
Nordjylland;2020-10-29;1;721
Syddanmark;2020-10-29;1;722
Hovedstaden;2020-10-30;1;723
Sjælland;2020-10-31;0;723
Hovedstaden;2020-10-31;2;725
Syddanmark;2020-11-01;1;726
Nordjylland;2020-11-02;1;727
Hovedstaden;2020-11-02;3;730
Hovedstaden;2020-11-03;1;731
Midtjylland;2020-11-03;1;732
Nordjylland;2020-11-03;1;733
Sjælland;2020-11-04;1;734
Nordjylland;2020-11-04;0;734
Hovedstaden;2020-11-04;3;737
Midtjylland;2020-11-04;1;738
Syddanmark;2020-11-05;1;739
Sjælland;2020-11-05;2;741
Sjælland;2020-11-06;1;742
Nordjylland;2020-11-06;2;744
Hovedstaden;2020-11-06;0;744
Midtjylland;2020-11-06;1;745
Nordjylland;2020-11-07;1;746
Sjælland;2020-11-08;2;748
Hovedstaden;2020-11-08;1;749
Midtjylland;2020-11-08;1;750
Midtjylland;2020-11-09;2;752
Syddanmark;2020-11-09;0;752
Hovedstaden;2020-11-09;2;754
Syddanmark;2020-11-10;1;755
Hovedstaden;2020-11-10;1;756
Hovedstaden;2020-11-11;1;757
Syddanmark;2020-11-12;0;757
Midtjylland;2020-11-12;1;758
Syddanmark;2020-11-13;1;759
Sjælland;2020-11-14;1;760
Nordjylland;2020-11-14;2;762
Midtjylland;2020-11-14;1;763
Syddanmark;2020-11-14;1;764
Hovedstaden;2020-11-15;3;767
Midtjylland;2020-11-16;1;768
Hovedstaden;2020-11-16;3;771
Nordjylland;2020-11-17;1;772
Midtjylland;2020-11-17;2;774
Sjælland;2020-11-18;0;774
Midtjylland;2020-11-18;2;776
Hovedstaden;2020-11-18;3;779
Nordjylland;2020-11-19;1;780
Hovedstaden;2020-11-19;2;782
Midtjylland;2020-11-20;1;783
Hovedstaden;2020-11-20;3;786
Sjælland;2020-11-21;2;788
Nordjylland;2020-11-21;2;790
Midtjylland;2020-11-21;1;791
Sjælland;2020-11-22;2;793
Hovedstaden;2020-11-22;2;795
Midtjylland;2020-11-22;2;797
Midtjylland;2020-11-23;1;798
Hovedstaden;2020-11-23;2;800
Syddanmark;2020-11-24;1;801
Sjælland;2020-11-24;1;802
Midtjylland;2020-11-24;3;805
Hovedstaden;2020-11-24;1;806
Hovedstaden;2020-11-25;4;810
Midtjylland;2020-11-25;4;814
Hovedstaden;2020-11-26;3;817
Sjælland;2020-11-26;1;818
Nordjylland;2020-11-27;1;819
Midtjylland;2020-11-27;3;822
Hovedstaden;2020-11-27;4;826
Sjælland;2020-11-28;1;827
Nordjylland;2020-11-28;1;828
Midtjylland;2020-11-28;2;830
Hovedstaden;2020-11-28;2;832
Nordjylland;2020-11-29;2;834
Midtjylland;2020-11-29;5;839
Hovedstaden;2020-11-29;4;843
Midtjylland;2020-11-30;2;845
Nordjylland;2020-11-30;1;846
Hovedstaden;2020-11-30;4;850
Midtjylland;2020-12-01;2;852
Nordjylland;2020-12-01;2;854
Hovedstaden;2020-12-01;5;859
Syddanmark;2020-12-02;1;860
Midtjylland;2020-12-02;2;862
Hovedstaden;2020-12-02;2;864
Sjælland;2020-12-02;1;865
Sjælland;2020-12-03;3;868
Midtjylland;2020-12-03;3;871
Syddanmark;2020-12-03;1;872
Hovedstaden;2020-12-03;4;876
Midtjylland;2020-12-04;2;878
Syddanmark;2020-12-04;2;880
Hovedstaden;2020-12-04;3;883
Sjælland;2020-12-05;2;885
Midtjylland;2020-12-05;1;886
Hovedstaden;2020-12-05;5;891
Syddanmark;2020-12-05;2;893
Hovedstaden;2020-12-06;9;902
Midtjylland;2020-12-06;0;902
Syddanmark;2020-12-07;1;903
Midtjylland;2020-12-07;1;904
Hovedstaden;2020-12-07;4;908
Syddanmark;2020-12-08;1;909
Midtjylland;2020-12-08;4;913
Hovedstaden;2020-12-08;2;915
Syddanmark;2020-12-09;1;916
Sjælland;2020-12-09;0;916
Midtjylland;2020-12-09;3;919
Hovedstaden;2020-12-09;6;925
Syddanmark;2020-12-10;1;926
Midtjylland;2020-12-10;2;928
Hovedstaden;2020-12-10;4;932
Sjælland;2020-12-11;2;934
Syddanmark;2020-12-11;1;935
Midtjylland;2020-12-11;1;936
Hovedstaden;2020-12-11;3;939
Syddanmark;2020-12-12;0;939
Midtjylland;2020-12-12;1;940
Hovedstaden;2020-12-12;5;945
Sjælland;2020-12-12;1;946
Syddanmark;2020-12-13;2;948
Midtjylland;2020-12-13;2;950
Hovedstaden;2020-12-13;7;957
Syddanmark;2020-12-14;1;958
Midtjylland;2020-12-14;2;960
Hovedstaden;2020-12-14;7;967
Nordjylland;2020-12-14;1;968
Syddanmark;2020-12-15;1;969
Sjælland;2020-12-15;2;971
Nordjylland;2020-12-15;1;972
Midtjylland;2020-12-15;1;973
Hovedstaden;2020-12-15;12;985
Sjælland;2020-12-16;2;987
Nordjylland;2020-12-16;1;988
Midtjylland;2020-12-16;3;991
Hovedstaden;2020-12-16;8;999
Syddanmark;2020-12-17;1;1000
Midtjylland;2020-12-17;3;1003
Hovedstaden;2020-12-17;8;1011
Nordjylland;2020-12-17;1;1012
Sjælland;2020-12-17;2;1014
Sjælland;2020-12-18;4;1018
Midtjylland;2020-12-18;0;1018
Hovedstaden;2020-12-18;7;1025
Sjælland;2020-12-19;1;1026
Midtjylland;2020-12-19;5;1031
Hovedstaden;2020-12-19;14;1045
Syddanmark;2020-12-20;1;1046
Sjælland;2020-12-20;3;1049
Nordjylland;2020-12-20;1;1050
Hovedstaden;2020-12-20;12;1062
Midtjylland;2020-12-20;2;1064
Syddanmark;2020-12-21;1;1065
Sjælland;2020-12-21;3;1068
Midtjylland;2020-12-21;3;1071
Hovedstaden;2020-12-21;12;1083
Nordjylland;2020-12-21;0;1083
Syddanmark;2020-12-22;1;1084
Nordjylland;2020-12-22;1;1085
Midtjylland;2020-12-22;1;1086
Sjælland;2020-12-22;6;1092
Hovedstaden;2020-12-22;12;1104
Syddanmark;2020-12-23;1;1105
Sjælland;2020-12-23;6;1111
Midtjylland;2020-12-23;1;1112
Hovedstaden;2020-12-23;11;1123
Sjælland;2020-12-24;5;1128
Nordjylland;2020-12-24;2;1130
Midtjylland;2020-12-24;1;1131
Syddanmark;2020-12-24;1;1132
Hovedstaden;2020-12-24;13;1145
Sjælland;2020-12-25;2;1147
Nordjylland;2020-12-25;1;1148
Hovedstaden;2020-12-25;9;1157
Midtjylland;2020-12-25;5;1162
Syddanmark;2020-12-25;4;1166
Nordjylland;2020-12-26;1;1167
Midtjylland;2020-12-26;3;1170
Syddanmark;2020-12-26;4;1174
Sjælland;2020-12-26;5;1179
Hovedstaden;2020-12-26;13;1192
Syddanmark;2020-12-27;1;1193
Midtjylland;2020-12-27;5;1198
Hovedstaden;2020-12-27;14;1212
Sjælland;2020-12-27;5;1217
Nordjylland;2020-12-27;3;1220
Syddanmark;2020-12-28;2;1222
Sjælland;2020-12-28;2;1224
Midtjylland;2020-12-28;6;1230
Nordjylland;2020-12-28;1;1231
Hovedstaden;2020-12-28;14;1245
Sjælland;2020-12-29;7;1252
Nordjylland;2020-12-29;3;1255
Midtjylland;2020-12-29;4;1259
Syddanmark;2020-12-29;5;1264
Hovedstaden;2020-12-29;13;1277
Syddanmark;2020-12-30;2;1279
Sjælland;2020-12-30;5;1284
Hovedstaden;2020-12-30;19;1303
Midtjylland;2020-12-30;2;1305
Syddanmark;2020-12-31;5;1310
Midtjylland;2020-12-31;5;1315
Sjælland;2020-12-31;5;1320
Hovedstaden;2020-12-31;18;1338
Syddanmark;2021-01-01;2;1340
Sjælland;2021-01-01;3;1343
Nordjylland;2021-01-01;1;1344
Midtjylland;2021-01-01;2;1346
Hovedstaden;2021-01-01;13;1359
Syddanmark;2021-01-02;2;1361
Sjælland;2021-01-02;4;1365
Nordjylland;2021-01-02;2;1367
Hovedstaden;2021-01-02;19;1386
Midtjylland;2021-01-02;6;1392
Sjælland;2021-01-03;4;1396
Midtjylland;2021-01-03;6;1402
Nordjylland;2021-01-03;1;1403
Syddanmark;2021-01-03;1;1404
Hovedstaden;2021-01-03;16;1420
Sjælland;2021-01-04;4;1424
Nordjylland;2021-01-04;2;1426
Syddanmark;2021-01-04;1;1427
Hovedstaden;2021-01-04;18;1445
Midtjylland;2021-01-04;2;1447
Sjælland;2021-01-05;2;1449
Syddanmark;2021-01-05;0;1449
Midtjylland;2021-01-05;3;1452
Hovedstaden;2021-01-05;11;1463
Nordjylland;2021-01-05;5;1468
Syddanmark;2021-01-06;3;1471
Sjælland;2021-01-06;8;1479
Nordjylland;2021-01-06;5;1484
Hovedstaden;2021-01-06;15;1499
Midtjylland;2021-01-06;5;1504
Sjælland;2021-01-07;5;1509
Syddanmark;2021-01-07;1;1510
Midtjylland;2021-01-07;4;1514
Nordjylland;2021-01-07;3;1517
Hovedstaden;2021-01-07;16;1533
Syddanmark;2021-01-08;3;1536
Sjælland;2021-01-08;3;1539
Nordjylland;2021-01-08;3;1542
Hovedstaden;2021-01-08;13;1555
Midtjylland;2021-01-08;4;1559
Nordjylland;2021-01-09;2;1561
Sjælland;2021-01-09;5;1566
Syddanmark;2021-01-09;2;1568
Midtjylland;2021-01-09;5;1573
Hovedstaden;2021-01-09;10;1583
Syddanmark;2021-01-10;3;1586
Sjælland;2021-01-10;8;1594
Midtjylland;2021-01-10;9;1603
Nordjylland;2021-01-10;2;1605
Hovedstaden;2021-01-10;13;1618
Nordjylland;2021-01-11;2;1620
Sjælland;2021-01-11;2;1622
Midtjylland;2021-01-11;4;1626
Syddanmark;2021-01-11;3;1629
Hovedstaden;2021-01-11;14;1643
Syddanmark;2021-01-12;7;1650
Nordjylland;2021-01-12;2;1652
Hovedstaden;2021-01-12;17;1669
Sjælland;2021-01-12;6;1675
Midtjylland;2021-01-12;6;1681
Syddanmark;2021-01-13;2;1683
Nordjylland;2021-01-13;2;1685
Midtjylland;2021-01-13;5;1690
Hovedstaden;2021-01-13;18;1708
Sjælland;2021-01-13;3;1711
Syddanmark;2021-01-14;3;1714
Sjælland;2021-01-14;4;1718
Nordjylland;2021-01-14;2;1720
Midtjylland;2021-01-14;6;1726
Hovedstaden;2021-01-14;14;1740
Sjælland;2021-01-15;3;1743
Nordjylland;2021-01-15;2;1745
Midtjylland;2021-01-15;5;1750
Hovedstaden;2021-01-15;16;1766
Syddanmark;2021-01-16;4;1770
Sjælland;2021-01-16;6;1776
Nordjylland;2021-01-16;4;1780
Midtjylland;2021-01-16;4;1784
Hovedstaden;2021-01-16;13;1797
Syddanmark;2021-01-17;2;1799
Sjælland;2021-01-17;5;1804
Nordjylland;2021-01-17;3;1807
Midtjylland;2021-01-17;4;1811
Hovedstaden;2021-01-17;15;1826
Syddanmark;2021-01-18;4;1830
Sjælland;2021-01-18;5;1835
Nordjylland;2021-01-18;1;1836
Midtjylland;2021-01-18;4;1840
Hovedstaden;2021-01-18;15;1855
Syddanmark;2021-01-19;3;1858
Sjælland;2021-01-19;3;1861
Nordjylland;2021-01-19;3;1864
Midtjylland;2021-01-19;8;1872
Hovedstaden;2021-01-19;22;1894
Syddanmark;2021-01-20;1;1895
Sjælland;2021-01-20;8;1903
Nordjylland;2021-01-20;3;1906
Midtjylland;2021-01-20;5;1911
Hovedstaden;2021-01-20;12;1923
Syddanmark;2021-01-21;1;1924
Sjælland;2021-01-21;4;1928
Nordjylland;2021-01-21;3;1931
Midtjylland;2021-01-21;4;1935
Hovedstaden;2021-01-21;15;1950
Syddanmark;2021-01-22;2;1952
Sjælland;2021-01-22;6;1958
Nordjylland;2021-01-22;3;1961
Midtjylland;2021-01-22;3;1964
Hovedstaden;2021-01-22;10;1974
Syddanmark;2021-01-23;2;1976
Sjælland;2021-01-23;6;1982
Midtjylland;2021-01-23;6;1988
Hovedstaden;2021-01-23;12;2000
Syddanmark;2021-01-24;3;2003
Sjælland;2021-01-24;2;2005
Nordjylland;2021-01-24;3;2008
Midtjylland;2021-01-24;4;2012
Hovedstaden;2021-01-24;8;2020
Syddanmark;2021-01-25;3;2023
Sjælland;2021-01-25;4;2027
Nordjylland;2021-01-25;3;2030
Midtjylland;2021-01-25;6;2036
Hovedstaden;2021-01-25;9;2045
Syddanmark;2021-01-26;2;2047
Sjælland;2021-01-26;1;2048
Nordjylland;2021-01-26;1;2049
Midtjylland;2021-01-26;1;2050
Hovedstaden;2021-01-26;15;2065
Syddanmark;2021-01-27;1;2066
Sjælland;2021-01-27;4;2070
Nordjylland;2021-01-27;1;2071
Midtjylland;2021-01-27;0;2071
Hovedstaden;2021-01-27;11;2082
Syddanmark;2021-01-28;2;2084
Sjælland;2021-01-28;2;2086
Nordjylland;2021-01-28;2;2088
Midtjylland;2021-01-28;4;2092
Hovedstaden;2021-01-28;9;2101
Syddanmark;2021-01-29;3;2104
Sjælland;2021-01-29;3;2107
Nordjylland;2021-01-29;1;2108
Midtjylland;2021-01-29;2;2110
Hovedstaden;2021-01-29;10;2120
Syddanmark;2021-01-30;2;2122
Sjælland;2021-01-30;3;2125
Nordjylland;2021-01-30;2;2127
Midtjylland;2021-01-30;1;2128
Hovedstaden;2021-01-30;11;2139
Syddanmark;2021-01-31;3;2142
Sjælland;2021-01-31;1;2143
Nordjylland;2021-01-31;1;2144
Midtjylland;2021-01-31;1;2145
Hovedstaden;2021-01-31;11;2156
Syddanmark;2021-02-01;0;2156
Sjælland;2021-02-01;2;2158
Nordjylland;2021-02-01;2;2160
Midtjylland;2021-02-01;4;2164
Hovedstaden;2021-02-01;6;2170
Syddanmark;2021-02-02;3;2173
Sjælland;2021-02-02;1;2174
Nordjylland;2021-02-02;1;2175
Midtjylland;2021-02-02;1;2176
Hovedstaden;2021-02-02;5;2181
Syddanmark;2021-02-03;1;2182
Sjælland;2021-02-03;5;2187
Nordjylland;2021-02-03;1;2188
Midtjylland;2021-02-03;4;2192
Hovedstaden;2021-02-03;6;2198
Syddanmark;2021-02-04;1;2199
Sjælland;2021-02-04;2;2201
Nordjylland;2021-02-04;1;2202
Midtjylland;2021-02-04;1;2203
Hovedstaden;2021-02-04;10;2213
Syddanmark;2021-02-05;2;2215
Sjælland;2021-02-05;1;2216
Nordjylland;2021-02-05;1;2217
Midtjylland;2021-02-05;1;2218
Hovedstaden;2021-02-05;6;2224
Syddanmark;2021-02-06;0;2224
Sjælland;2021-02-06;1;2225
Nordjylland;2021-02-06;1;2226
Midtjylland;2021-02-06;1;2227
Hovedstaden;2021-02-06;4;2231
Sjælland;2021-02-07;1;2232
Nordjylland;2021-02-07;4;2236
Midtjylland;2021-02-07;0;2236
Hovedstaden;2021-02-07;3;2239
Syddanmark;2021-02-08;5;2244
Sjælland;2021-02-08;1;2245
Midtjylland;2021-02-08;2;2247
Hovedstaden;2021-02-08;6;2253
Syddanmark;2021-02-09;2;2255
Sjælland;2021-02-09;2;2257
Nordjylland;2021-02-09;0;2257
Hovedstaden;2021-02-09;12;2269
Syddanmark;2021-02-10;2;2271
Sjælland;2021-02-10;3;2274
Nordjylland;2021-02-10;3;2277
Midtjylland;2021-02-10;0;2277
Hovedstaden;2021-02-10;4;2281
Syddanmark;2021-02-11;2;2283
Sjælland;2021-02-11;0;2283
Nordjylland;2021-02-11;3;2286
Midtjylland;2021-02-11;0;2286
Hovedstaden;2021-02-11;4;2290
Syddanmark;2021-02-12;1;2291
Sjælland;2021-02-12;1;2292
Nordjylland;2021-02-12;2;2294
Midtjylland;2021-02-12;0;2294
Hovedstaden;2021-02-12;3;2297
Sjælland;2021-02-13;2;2299
Nordjylland;2021-02-13;1;2300
Midtjylland;2021-02-13;1;2301
Hovedstaden;2021-02-13;5;2306
Hovedstaden;2021-02-14;5;2311
Syddanmark;2021-02-15;3;2314
Sjælland;2021-02-15;0;2314
Nordjylland;2021-02-15;2;2316
Midtjylland;2021-02-15;0;2316
Hovedstaden;2021-02-15;2;2318
Sjælland;2021-02-16;1;2319
Nordjylland;2021-02-16;0;2319
Midtjylland;2021-02-16;1;2320
Hovedstaden;2021-02-16;1;2321
Syddanmark;2021-02-17;2;2323
Sjælland;2021-02-17;1;2324
Nordjylland;2021-02-17;1;2325
Midtjylland;2021-02-17;0;2325
Hovedstaden;2021-02-17;2;2327
Syddanmark;2021-02-18;1;2328
Sjælland;2021-02-18;1;2329
Nordjylland;2021-02-18;0;2329
Midtjylland;2021-02-18;3;2332
Hovedstaden;2021-02-18;4;2336
Syddanmark;2021-02-19;0;2336
Nordjylland;2021-02-19;0;2336
Hovedstaden;2021-02-19;4;2340
Syddanmark;2021-02-20;2;2342
Sjælland;2021-02-20;0;2342
Midtjylland;2021-02-20;0;2342
Hovedstaden;2021-02-20;3;2345
Syddanmark;2021-02-21;0;2345
Sjælland;2021-02-21;1;2346
Midtjylland;2021-02-21;1;2347
Hovedstaden;2021-02-21;3;2350
Syddanmark;2021-02-22;0;2350
Sjælland;2021-02-22;0;2350
Nordjylland;2021-02-22;0;2350
Midtjylland;2021-02-22;0;2350
Hovedstaden;2021-02-22;0;2350
Syddanmark;2021-02-23;2;2352
Sjælland;2021-02-23;0;2352
Hovedstaden;2021-02-23;0;2352
Syddanmark;2021-02-24;2;2354
Sjælland;2021-02-24;3;2357
Nordjylland;2021-02-24;1;2358
Hovedstaden;2021-02-24;1;2359
Syddanmark;2021-02-25;0;2359
Sjælland;2021-02-25;0;2359
Nordjylland;2021-02-25;0;2359
Midtjylland;2021-02-25;1;2360
Hovedstaden;2021-02-25;1;2361
Syddanmark;2021-02-26;1;2362
Sjælland;2021-02-26;0;2362
Midtjylland;2021-02-26;1;2363
Hovedstaden;2021-02-26;2;2365
Syddanmark;2021-02-27;1;2366
Sjælland;2021-02-27;2;2368
Nordjylland;2021-02-27;1;2369
Midtjylland;2021-02-27;0;2369
Hovedstaden;2021-02-27;1;2370
Sjælland;2021-02-28;1;2371
Hovedstaden;2021-02-28;2;2373
Sjælland;2021-03-01;1;2374
Nordjylland;2021-03-01;0;2374
Hovedstaden;2021-03-01;0;2374
Midtjylland;2021-03-02;1;2375
Hovedstaden;2021-03-02;3;2378
Syddanmark;2021-03-03;1;2379
Sjælland;2021-03-03;1;2380
Midtjylland;2021-03-03;0;2380
Hovedstaden;2021-03-03;1;2381
Sjælland;2021-03-04;0;2381
Hovedstaden;2021-03-04;2;2383
Syddanmark;2021-03-05;0;2383
Nordjylland;2021-03-05;0;2383
Hovedstaden;2021-03-05;0;2383
Sjælland;2021-03-06;1;2384
Midtjylland;2021-03-06;0;2384
Hovedstaden;2021-03-06;2;2386
Sjælland;2021-03-07;1;2387
Nordjylland;2021-03-07;0;2387
Hovedstaden;2021-03-07;1;2388
Hovedstaden;2021-03-08;0;2388
Syddanmark;2021-03-09;1;2389
Sjælland;2021-03-09;1;2390
Hovedstaden;2021-03-09;1;2391
Syddanmark;2021-03-10;1;2392
Sjælland;2021-03-10;1;2393
Nordjylland;2021-03-10;0;2393
Hovedstaden;2021-03-10;1;2394
Sjælland;2021-03-11;1;2395
Nordjylland;2021-03-11;1;2396
Midtjylland;2021-03-11;1;2397
Sjælland;2021-03-12;1;2398
Hovedstaden;2021-03-12;1;2399
Syddanmark;2021-03-13;1;2400
Hovedstaden;2021-03-13;0;2400
Sjælland;2021-03-14;1;2401
Hovedstaden;2021-03-14;1;2402
Sjælland;2021-03-15;1;2403
Hovedstaden;2021-03-15;1;2404
Hovedstaden;2021-03-16;0;2404
Syddanmark;2021-03-17;0;2404
Hovedstaden;2021-03-17;2;2406
Sjælland;2021-03-18;1;2407
Syddanmark;2021-03-19;2;2409
Sjælland;2021-03-19;1;2410
Hovedstaden;2021-03-19;1;2411
Hovedstaden;2021-03-20;0;2411
Sjælland;2021-03-21;0;2411
Hovedstaden;2021-03-21;1;2412
Syddanmark;2021-03-22;1;2413
Sjælland;2021-03-22;0;2413
Hovedstaden;2021-03-22;2;2415
Sjælland;2021-03-23;2;2417
Hovedstaden;2021-03-23;0;2417
Syddanmark;2021-03-24;1;2418
Sjælland;2021-03-24;4;2422
Midtjylland;2021-03-24;1;2423
Hovedstaden;2021-03-24;2;2425
Midtjylland;2021-03-25;1;2426
Hovedstaden;2021-03-25;0;2426
Syddanmark;2021-03-26;1;2427
Sjælland;2021-03-26;1;2428
Hovedstaden;2021-03-27;3;2431
;2021-03-28;0;2431
Midtjylland;2021-03-29;0;2431
Hovedstaden;2021-03-29;1;2432
Syddanmark;2021-03-30;0;2432
Sjælland;2021-03-30;2;2434
Hovedstaden;2021-03-30;1;2435
Sjælland;2021-03-31;1;2436
Midtjylland;2021-03-31;0;2436
Hovedstaden;2021-03-31;3;2439
Hovedstaden;2021-04-01;1;2440
Syddanmark;2021-04-02;1;2441
Hovedstaden;2021-04-02;3;2444
Hovedstaden;2021-04-03;1;2445
Hovedstaden;2021-04-04;1;2446
Sjælland;2021-04-05;1;2447
Midtjylland;2021-04-05;1;2448
Hovedstaden;2021-04-05;1;2449
Syddanmark;2021-04-06;0;2449
Sjælland;2021-04-06;1;2450
Hovedstaden;2021-04-06;0;2450
Sjælland;2021-04-07;0;2450
Midtjylland;2021-04-07;2;2452
Syddanmark;2021-04-08;1;2453
Sjælland;2021-04-08;0;2453
Midtjylland;2021-04-08;1;2454
Syddanmark;2021-04-09;2;2456
Hovedstaden;2021-04-09;1;2457
Sjælland;2021-04-10;1;2458
Midtjylland;2021-04-10;0;2458
Syddanmark;2021-04-11;1;2459
Nordjylland;2021-04-11;1;2460
Hovedstaden;2021-04-11;1;2461
Midtjylland;2021-04-12;1;2462
Hovedstaden;2021-04-12;1;2463
;2021-04-13;0;2463
Midtjylland;2021-04-14;1;2464
Hovedstaden;2021-04-14;1;2465
Hovedstaden;2021-04-15;2;2467
Syddanmark;2021-04-16;1;2468
Nordjylland;2021-04-16;2;2470
Midtjylland;2021-04-16;2;2472
Hovedstaden;2021-04-16;0;2472
Nordjylland;2021-04-17;1;2473
Midtjylland;2021-04-17;1;2474
Hovedstaden;2021-04-17;1;2475
Syddanmark;2021-04-18;1;2476
Sjælland;2021-04-18;1;2477
Midtjylland;2021-04-18;1;2478
Hovedstaden;2021-04-18;0;2478
Hovedstaden;2021-04-19;2;2480
Hovedstaden;2021-04-20;3;2483
Nordjylland;2021-04-21;1;2484
Midtjylland;2021-04-21;1;2485
Hovedstaden;2021-04-21;2;2487
Sjælland;2021-04-22;0;2487
Hovedstaden;2021-04-22;3;2490
Hovedstaden;2021-04-23;1;2491
Hovedstaden;2021-04-24;2;2493
Sjælland;2021-04-25;0;2493
Hovedstaden;2021-04-25;1;2494
Syddanmark;2021-04-26;0;2494
Hovedstaden;2021-04-26;1;2495
Syddanmark;2021-04-27;0;2495
Nordjylland;2021-04-27;2;2497
Hovedstaden;2021-04-27;1;2498
Syddanmark;2021-04-28;1;2499
Hovedstaden;2021-04-28;1;2500
Syddanmark;2021-04-29;1;2501
Hovedstaden;2021-04-29;2;2503
Hovedstaden;2021-04-30;3;2506
Hovedstaden;2021-05-01;1;2507
Hovedstaden;2021-05-02;2;2509
Hovedstaden;2021-05-03;0;2509
Nordjylland;2021-05-04;0;2509
Hovedstaden;2021-05-04;2;2511
Sjælland;2021-05-05;0;2511
Hovedstaden;2021-05-05;1;2512
Sjælland;2021-05-06;0;2512
Hovedstaden;2021-05-06;1;2513
Sjælland;2021-05-07;2;2515
;2021-05-08;0;2515
Sjælland;2021-05-09;0;2515
Hovedstaden;2021-05-09;0;2515
Midtjylland;2021-05-10;1;2516
Hovedstaden;2021-05-10;1;2517
;2021-05-11;0;2517
;2021-05-12;0;2517
Syddanmark;2021-05-13;1;2518
Syddanmark;2021-05-14;0;2518
Sjælland;2021-05-14;1;2519
Nordjylland;2021-05-14;1;2520
Hovedstaden;2021-05-14;1;2521
Sjælland;2021-05-15;1;2522
Hovedstaden;2021-05-16;1;2523
Syddanmark;2021-05-17;1;2524
Hovedstaden;2021-05-17;0;2524
Syddanmark;2021-05-18;0;2524
Hovedstaden;2021-05-19;1;2525
Hovedstaden;2021-05-20;0;2525
Nordjylland;2021-05-21;1;2526
Hovedstaden;2021-05-21;0;2526
Hovedstaden;2021-05-22;2;2528
Midtjylland;2021-05-23;1;2529
Hovedstaden;2021-05-24;1;2530
Syddanmark;2021-05-25;0;2530
Nordjylland;2021-05-25;1;2531
Midtjylland;2021-05-25;0;2531
Sjælland;2021-05-26;0;2531
Midtjylland;2021-05-26;1;2532
Hovedstaden;2021-05-26;1;2533
Midtjylland;2021-05-27;1;2534
Midtjylland;2021-05-28;1;2535
Hovedstaden;2021-05-28;1;2536
;2021-05-29;0;2536
;2021-05-30;0;2536
;2021-05-31;0;2536
Syddanmark;2021-06-01;1;2537
Hovedstaden;2021-06-01;0;2537
Hovedstaden;2021-06-02;0;2537
;2021-06-03;0;2537
Syddanmark;2021-06-04;1;2538
;2021-06-05;0;2538
Nordjylland;2021-06-06;1;2539
Hovedstaden;2021-06-06;1;2540
;2021-06-07;0;2540
;2021-06-08;0;2540
Nordjylland;2021-06-09;1;2541
Hovedstaden;2021-06-09;1;2542
Sjælland;2021-06-09;0;2542
Hovedstaden;2021-06-10;1;2543
Hovedstaden;2021-06-11;1;2544
;2021-06-12;0;2544
Sjælland;2021-06-13;1;2545
Nordjylland;2021-06-13;1;2546
Syddanmark;2021-06-14;1;2547
Hovedstaden;2021-06-14;1;2548
;2021-06-15;0;2548
;2021-06-16;0;2548
Hovedstaden;2021-06-17;1;2549
Nordjylland;2021-06-18;1;2550
Hovedstaden;2021-06-19;1;2551
Nordjylland;2021-06-20;0;2551
;2021-06-21;0;2551
Hovedstaden;2021-06-22;0;2551
Hovedstaden;2021-06-23;0;2551
;2021-06-24;0;2551
Sjælland;2021-06-25;1;2552
Hovedstaden;2021-06-25;1;2553
Hovedstaden;2021-06-26;1;2554
Hovedstaden;2021-06-27;1;2555
Nordjylland;2021-06-28;1;2556
Nordjylland;2021-06-29;0;2556
;2021-06-30;0;2556
Syddanmark;2021-07-01;0;2556
Nordjylland;2021-07-01;1;2557
Hovedstaden;2021-07-01;1;2558
;2021-07-02;0;2558
;2021-07-03;0;2558
Midtjylland;2021-07-04;1;2559
Syddanmark;2021-07-05;0;2559
Hovedstaden;2021-07-05;0;2559
;2021-07-06;0;2559
;2021-07-07;0;2559
Sjælland;2021-07-08;0;2559
Midtjylland;2021-07-09;0;2559
Hovedstaden;2021-07-09;1;2560
;2021-07-10;0;2560
;2021-07-11;0;2560
Nordjylland;2021-07-12;0;2560
Syddanmark;2021-07-13;0;2560
Hovedstaden;2021-07-13;0;2560
Syddanmark;2021-07-14;1;2561
Midtjylland;2021-07-14;1;2562
Syddanmark;2021-07-15;1;2563
;2021-07-16;0;2563
;2021-07-17;0;2563
;2021-07-18;0;2563
;2021-07-19;0;2563
;2021-07-20;0;2563
;2021-07-21;0;2563
;2021-07-22;0;2563
;2021-07-23;0;2563
;2021-07-24;0;2563
Syddanmark;2021-07-25;1;2564
Hovedstaden;2021-07-25;1;2565
Midtjylland;2021-07-26;1;2566
Hovedstaden;2021-07-26;1;2567
Hovedstaden;2021-07-27;0;2567
Sjælland;2021-07-28;0;2567
Midtjylland;2021-07-28;1;2568
Midtjylland;2021-07-29;1;2569
;2021-07-30;0;2569
Hovedstaden;2021-07-31;1;2570
;2021-08-01;0;2570
;2021-08-02;0;2570
Hovedstaden;2021-08-03;1;2571
Syddanmark;2021-08-04;1;2572
;2021-08-05;0;2572
;2021-08-06;0;2572
;2021-08-07;0;2572
Midtjylland;2021-08-08;1;2573
Hovedstaden;2021-08-09;1;2574
Sjælland;2021-08-10;2;2576
Syddanmark;2021-08-11;0;2576
Sjælland;2021-08-12;1;2577
Nordjylland;2021-08-12;1;2578
Hovedstaden;2021-08-12;1;2579
Midtjylland;2021-08-13;1;2580
;2021-08-14;0;2580
Hovedstaden;2021-08-15;1;2581
Syddanmark;2021-08-16;1;2582
Hovedstaden;2021-08-17;1;2583
Sjælland;2021-08-18;1;2584
Hovedstaden;2021-08-19;1;2585
Hovedstaden;2021-08-20;1;2586
Sjælland;2021-08-21;1;2587
Midtjylland;2021-08-21;1;2588
Hovedstaden;2021-08-22;1;2589
Sjælland;2021-08-23;1;2590
Hovedstaden;2021-08-23;1;2591
Sjælland;2021-08-24;1;2592
Nordjylland;2021-08-25;1;2593
Hovedstaden;2021-08-26;2;2595
Syddanmark;2021-08-27;1;2596
Hovedstaden;2021-08-27;2;2598
Hovedstaden;2021-08-28;2;2600
Syddanmark;2021-08-29;1;2601
Midtjylland;2021-08-29;1;2602
Hovedstaden;2021-08-30;1;2603
;2021-08-31;0;2603
Midtjylland;2021-09-01;1;2604
Hovedstaden;2021-09-02;3;2607
Nordjylland;2021-09-03;1;2608
Hovedstaden;2021-09-03;1;2609
;2021-09-04;0;2609
Syddanmark;2021-09-05;1;2610
Sjælland;2021-09-05;1;2611
Hovedstaden;2021-09-06;4;2615
Midtjylland;2021-09-07;3;2618
Hovedstaden;2021-09-07;1;2619
Syddanmark;2021-09-08;1;2620
Nordjylland;2021-09-08;1;2621
Midtjylland;2021-09-08;1;2622
Hovedstaden;2021-09-08;3;2625
Syddanmark;2021-09-09;1;2626
Nordjylland;2021-09-09;1;2627
Midtjylland;2021-09-09;1;2628
Hovedstaden;2021-09-09;1;2629
Hovedstaden;2021-09-10;2;2631
Midtjylland;2021-09-11;1;2632
Hovedstaden;2021-09-11;0;2632
Hovedstaden;2021-09-12;2;2634
;2021-09-13;0;2634
Sjælland;2021-09-14;1;2635
Midtjylland;2021-09-14;1;2636
Hovedstaden;2021-09-14;1;2637
Syddanmark;2021-09-15;1;2638
Sjælland;2021-09-15;1;2639
Midtjylland;2021-09-15;1;2640
Syddanmark;2021-09-16;1;2641
Sjælland;2021-09-16;1;2642
Nordjylland;2021-09-16;1;2643
Midtjylland;2021-09-16;1;2644
Hovedstaden;2021-09-16;1;2645
Syddanmark;2021-09-17;1;2646
Hovedstaden;2021-09-17;0;2646
Sjælland;2021-09-18;1;2647
Midtjylland;2021-09-18;1;2648
Hovedstaden;2021-09-18;1;2649
Syddanmark;2021-09-19;2;2651
Sjælland;2021-09-19;1;2652
Syddanmark;2021-09-20;1;2653
Midtjylland;2021-09-20;1;2654
Hovedstaden;2021-09-20;1;2655
Midtjylland;2021-09-21;1;2656
Sjælland;2021-09-22;0;2656
Midtjylland;2021-09-22;1;2657
Hovedstaden;2021-09-22;3;2660
Sjælland;2021-09-23;2;2662
Hovedstaden;2021-09-23;0;2662
Syddanmark;2021-09-24;1;2663
Sjælland;2021-09-24;1;2664
Syddanmark;2021-09-25;2;2666
Nordjylland;2021-09-25;1;2667
Midtjylland;2021-09-26;1;2668
Hovedstaden;2021-09-26;1;2669
Syddanmark;2021-09-27;1;2670
Sjælland;2021-09-27;1;2671
Midtjylland;2021-09-27;1;2672
Hovedstaden;2021-09-27;2;2674
Midtjylland;2021-09-28;1;2675
Syddanmark;2021-09-29;1;2676
Sjælland;2021-09-29;0;2676
Midtjylland;2021-09-29;1;2677
Syddanmark;2021-09-30;1;2678
Sjælland;2021-09-30;1;2679
Hovedstaden;2021-09-30;1;2680
Sjælland;2021-10-01;1;2681
Hovedstaden;2021-10-01;2;2683
Syddanmark;2021-10-02;1;2684
Sjælland;2021-10-02;0;2684
Nordjylland;2021-10-02;0;2684
;2021-10-03;0;2684
;2021-10-04;0;2684
Syddanmark;2021-10-05;1;2685
Sjælland;2021-10-05;1;2686
Midtjylland;2021-10-05;0;2686
Nordjylland;2021-10-06;1;2687
Hovedstaden;2021-10-06;1;2688
Sjælland;2021-10-07;1;2689
Midtjylland;2021-10-07;1;2690
;2021-10-08;0;2690
Syddanmark;2021-10-09;1;2691
Midtjylland;2021-10-09;1;2692
Nordjylland;2021-10-10;1;2693
Midtjylland;2021-10-10;1;2694
Hovedstaden;2021-10-11;2;2696
;2021-10-12;0;2696
Syddanmark;2021-10-13;1;2697
Sjælland;2021-10-13;1;2698
Nordjylland;2021-10-13;1;2699
Hovedstaden;2021-10-13;1;2700
Syddanmark;2021-10-14;1;2701
Hovedstaden;2021-10-14;0;2701
Nordjylland;2021-10-15;1;2702
Midtjylland;2021-10-15;1;2703
Syddanmark;2021-10-16;1;2704
Hovedstaden;2021-10-16;2;2706
Syddanmark;2021-10-17;1;2707
Hovedstaden;2021-10-17;3;2710
Nordjylland;2021-10-18;0;2710
Midtjylland;2021-10-18;0;2710
Hovedstaden;2021-10-18;1;2711
Syddanmark;2021-10-19;1;2712
Sjælland;2021-10-19;1;2713
Nordjylland;2021-10-19;1;2714
Midtjylland;2021-10-20;1;2715
Hovedstaden;2021-10-20;1;2716
Nordjylland;2021-10-21;1;2717
Midtjylland;2021-10-21;1;2718
Midtjylland;2021-10-22;0;2718
Hovedstaden;2021-10-22;1;2719
Nordjylland;2021-10-23;1;2720
;2021-10-24;0;2720
Hovedstaden;2021-10-25;3;2723
Nordjylland;2021-10-26;2;2725
Midtjylland;2021-10-26;0;2725
Hovedstaden;2021-10-26;1;2726
Nordjylland;2021-10-27;0;2726
Midtjylland;2021-10-27;1;2727
Hovedstaden;2021-10-27;1;2728
Hovedstaden;2021-10-28;1;2729
Nordjylland;2021-10-29;1;2730
Hovedstaden;2021-10-29;3;2733
Sjælland;2021-10-30;0;2733
Hovedstaden;2021-10-30;3;2736
Sjælland;2021-10-31;0;2736
Midtjylland;2021-10-31;0;2736
Hovedstaden;2021-10-31;2;2738
;2021-11-01;0;2738
Syddanmark;2021-11-02;1;2739
Sjælland;2021-11-02;1;2740
Midtjylland;2021-11-02;1;2741
Syddanmark;2021-11-03;1;2742
Nordjylland;2021-11-03;1;2743
Hovedstaden;2021-11-03;1;2744
Sjælland;2021-11-04;2;2746
Midtjylland;2021-11-04;1;2747
Hovedstaden;2021-11-04;5;2752
Hovedstaden;2021-11-05;3;2755
Syddanmark;2021-11-06;2;2757
Hovedstaden;2021-11-06;2;2759
Syddanmark;2021-11-07;2;2761
Nordjylland;2021-11-07;1;2762
Hovedstaden;2021-11-07;1;2763
Syddanmark;2021-11-08;1;2764
Sjælland;2021-11-09;1;2765
Hovedstaden;2021-11-09;2;2767
Sjælland;2021-11-10;1;2768
Nordjylland;2021-11-10;1;2769
Midtjylland;2021-11-10;1;2770
Hovedstaden;2021-11-10;1;2771
Syddanmark;2021-11-11;1;2772
Nordjylland;2021-11-11;1;2773
Hovedstaden;2021-11-11;2;2775
Nordjylland;2021-11-12;1;2776
Hovedstaden;2021-11-12;5;2781
Sjælland;2021-11-13;2;2783
Nordjylland;2021-11-13;1;2784
Midtjylland;2021-11-13;2;2786
Hovedstaden;2021-11-13;4;2790
Sjælland;2021-11-14;1;2791
Midtjylland;2021-11-14;1;2792
Hovedstaden;2021-11-14;4;2796
Syddanmark;2021-11-15;2;2798
Sjælland;2021-11-15;4;2802
Nordjylland;2021-11-15;1;2803
Hovedstaden;2021-11-15;3;2806
Syddanmark;2021-11-16;1;2807
Hovedstaden;2021-11-16;3;2810
Nordjylland;2021-11-17;1;2811
Midtjylland;2021-11-17;1;2812
Hovedstaden;2021-11-17;1;2813
Syddanmark;2021-11-18;3;2816
Sjælland;2021-11-18;1;2817
Nordjylland;2021-11-18;1;2818
Hovedstaden;2021-11-18;2;2820
Syddanmark;2021-11-19;2;2822
Sjælland;2021-11-19;1;2823
Hovedstaden;2021-11-19;5;2828
Syddanmark;2021-11-20;2;2830
Sjælland;2021-11-20;0;2830
Hovedstaden;2021-11-20;2;2832
Syddanmark;2021-11-21;1;2833
Sjælland;2021-11-21;1;2834
Nordjylland;2021-11-21;1;2835
Hovedstaden;2021-11-21;1;2836
Syddanmark;2021-11-22;2;2838
Sjælland;2021-11-22;1;2839
Midtjylland;2021-11-22;0;2839
Hovedstaden;2021-11-22;4;2843
Syddanmark;2021-11-23;2;2845
Sjælland;2021-11-23;3;2848
Midtjylland;2021-11-23;2;2850
Hovedstaden;2021-11-23;4;2854
Syddanmark;2021-11-24;3;2857
Sjælland;2021-11-24;1;2858
Midtjylland;2021-11-24;2;2860
Hovedstaden;2021-11-24;4;2864
Syddanmark;2021-11-25;1;2865
Sjælland;2021-11-25;5;2870
Nordjylland;2021-11-25;1;2871
Hovedstaden;2021-11-25;6;2877
Syddanmark;2021-11-26;2;2879
Sjælland;2021-11-26;3;2882
Nordjylland;2021-11-26;2;2884
Midtjylland;2021-11-26;1;2885
Hovedstaden;2021-11-26;3;2888
Syddanmark;2021-11-27;2;2890
Sjælland;2021-11-27;1;2891
Nordjylland;2021-11-27;1;2892
Midtjylland;2021-11-27;1;2893
Hovedstaden;2021-11-27;5;2898
Syddanmark;2021-11-28;1;2899
Sjælland;2021-11-28;7;2906
Nordjylland;2021-11-28;1;2907
Midtjylland;2021-11-28;3;2910
Hovedstaden;2021-11-28;3;2913
Syddanmark;2021-11-29;4;2917
Nordjylland;2021-11-29;1;2918
Midtjylland;2021-11-29;1;2919
Hovedstaden;2021-11-29;4;2923
Syddanmark;2021-11-30;3;2926
Sjælland;2021-11-30;2;2928
Nordjylland;2021-11-30;4;2932
Midtjylland;2021-11-30;0;2932
Hovedstaden;2021-11-30;4;2936
Sjælland;2021-12-01;0;2936
Nordjylland;2021-12-01;3;2939
Hovedstaden;2021-12-01;2;2941
Syddanmark;2021-12-02;4;2945
Sjælland;2021-12-02;3;2948
Nordjylland;2021-12-02;1;2949
Midtjylland;2021-12-02;1;2950
Hovedstaden;2021-12-02;4;2954
Syddanmark;2021-12-03;1;2955
Sjælland;2021-12-03;1;2956
Nordjylland;2021-12-03;3;2959
Midtjylland;2021-12-03;3;2962
Hovedstaden;2021-12-03;4;2966
Syddanmark;2021-12-04;3;2969
Sjælland;2021-12-04;3;2972
Midtjylland;2021-12-04;2;2974
Hovedstaden;2021-12-04;1;2975
Syddanmark;2021-12-05;1;2976
Sjælland;2021-12-05;3;2979
Hovedstaden;2021-12-05;3;2982
Syddanmark;2021-12-06;2;2984
Sjælland;2021-12-06;2;2986
Midtjylland;2021-12-06;2;2988
Hovedstaden;2021-12-06;2;2990
Syddanmark;2021-12-07;1;2991
Sjælland;2021-12-07;2;2993
Hovedstaden;2021-12-07;4;2997
Syddanmark;2021-12-08;4;3001
Sjælland;2021-12-08;2;3003
Nordjylland;2021-12-08;2;3005
Midtjylland;2021-12-08;1;3006
Hovedstaden;2021-12-08;7;3013
Sjælland;2021-12-09;2;3015
Nordjylland;2021-12-09;2;3017
Hovedstaden;2021-12-09;4;3021
Syddanmark;2021-12-10;1;3022
Sjælland;2021-12-10;2;3024
Nordjylland;2021-12-10;1;3025
Hovedstaden;2021-12-10;5;3030
Syddanmark;2021-12-11;3;3033
Sjælland;2021-12-11;1;3034
Nordjylland;2021-12-11;1;3035
Midtjylland;2021-12-11;4;3039
Hovedstaden;2021-12-11;2;3041
Sjælland;2021-12-12;3;3044
Midtjylland;2021-12-12;0;3044
Hovedstaden;2021-12-12;3;3047
Syddanmark;2021-12-13;2;3049
Sjælland;2021-12-13;1;3050
Nordjylland;2021-12-13;1;3051
Midtjylland;2021-12-13;1;3052
Hovedstaden;2021-12-13;5;3057
Syddanmark;2021-12-14;2;3059
Sjælland;2021-12-14;1;3060
Midtjylland;2021-12-14;1;3061
Hovedstaden;2021-12-14;4;3065
Syddanmark;2021-12-15;2;3067
Sjælland;2021-12-15;3;3070
Nordjylland;2021-12-15;1;3071
Hovedstaden;2021-12-15;4;3075
Syddanmark;2021-12-16;3;3078
Sjælland;2021-12-16;2;3080
Midtjylland;2021-12-16;1;3081
Hovedstaden;2021-12-16;3;3084
Syddanmark;2021-12-17;2;3086
Sjælland;2021-12-17;4;3090
Nordjylland;2021-12-17;2;3092
Midtjylland;2021-12-17;2;3094
Hovedstaden;2021-12-17;4;3098
Syddanmark;2021-12-18;4;3102
Midtjylland;2021-12-18;3;3105
Hovedstaden;2021-12-18;5;3110
Syddanmark;2021-12-19;4;3114
Sjælland;2021-12-19;2;3116
Midtjylland;2021-12-19;2;3118
Hovedstaden;2021-12-19;5;3123
Syddanmark;2021-12-20;3;3126
Sjælland;2021-12-20;2;3128
Midtjylland;2021-12-20;2;3130
Hovedstaden;2021-12-20;5;3135
Syddanmark;2021-12-21;4;3139
Sjælland;2021-12-21;2;3141
Midtjylland;2021-12-21;2;3143
Hovedstaden;2021-12-21;3;3146
Syddanmark;2021-12-22;1;3147
Sjælland;2021-12-22;1;3148
Nordjylland;2021-12-22;1;3149
Midtjylland;2021-12-22;3;3152
Hovedstaden;2021-12-22;8;3160
Syddanmark;2021-12-23;3;3163
Sjælland;2021-12-23;6;3169
Nordjylland;2021-12-23;1;3170
Midtjylland;2021-12-23;1;3171
Hovedstaden;2021-12-23;7;3178
Syddanmark;2021-12-24;1;3179
Sjælland;2021-12-24;3;3182
Nordjylland;2021-12-24;1;3183
Hovedstaden;2021-12-24;5;3188
Syddanmark;2021-12-25;1;3189
Sjælland;2021-12-25;2;3191
Nordjylland;2021-12-25;1;3192
Midtjylland;2021-12-25;1;3193
Hovedstaden;2021-12-25;6;3199
Syddanmark;2021-12-26;2;3201
Sjælland;2021-12-26;0;3201
Midtjylland;2021-12-26;3;3204
Hovedstaden;2021-12-26;6;3210
Sjælland;2021-12-27;3;3213
Midtjylland;2021-12-27;1;3214
Hovedstaden;2021-12-27;4;3218
Syddanmark;2021-12-28;1;3219
Sjælland;2021-12-28;3;3222
Nordjylland;2021-12-28;1;3223
Midtjylland;2021-12-28;2;3225
Hovedstaden;2021-12-28;5;3230
Syddanmark;2021-12-29;3;3233
Sjælland;2021-12-29;4;3237
Midtjylland;2021-12-29;0;3237
Hovedstaden;2021-12-29;2;3239
Syddanmark;2021-12-30;0;3239
Sjælland;2021-12-30;1;3240
Nordjylland;2021-12-30;2;3242
Midtjylland;2021-12-30;2;3244
Hovedstaden;2021-12-30;4;3248
Syddanmark;2021-12-31;1;3249
Sjælland;2021-12-31;1;3250
Nordjylland;2021-12-31;2;3252
Midtjylland;2021-12-31;0;3252
Hovedstaden;2021-12-31;6;3258
Syddanmark;2022-01-01;1;3259
Sjælland;2022-01-01;4;3263
Midtjylland;2022-01-01;1;3264
Hovedstaden;2022-01-01;6;3270
Syddanmark;2022-01-02;1;3271
Sjælland;2022-01-02;4;3275
Hovedstaden;2022-01-02;4;3279
Syddanmark;2022-01-03;1;3280
Sjælland;2022-01-03;2;3282
Midtjylland;2022-01-03;3;3285
Hovedstaden;2022-01-03;9;3294
Syddanmark;2022-01-04;1;3295
Sjælland;2022-01-04;3;3298
Nordjylland;2022-01-04;1;3299
Midtjylland;2022-01-04;3;3302
Hovedstaden;2022-01-04;6;3308
Syddanmark;2022-01-05;2;3310
Sjælland;2022-01-05;3;3313
Nordjylland;2022-01-05;2;3315
Midtjylland;2022-01-05;2;3317
Hovedstaden;2022-01-05;7;3324
Syddanmark;2022-01-06;2;3326
Sjælland;2022-01-06;4;3330
Nordjylland;2022-01-06;1;3331
Midtjylland;2022-01-06;2;3333
Hovedstaden;2022-01-06;7;3340
Syddanmark;2022-01-07;2;3342
Sjælland;2022-01-07;2;3344
Midtjylland;2022-01-07;5;3349
Hovedstaden;2022-01-07;7;3356
Syddanmark;2022-01-08;2;3358
Sjælland;2022-01-08;4;3362
Midtjylland;2022-01-08;2;3364
Hovedstaden;2022-01-08;7;3371
Syddanmark;2022-01-09;3;3374
Sjælland;2022-01-09;2;3376
Nordjylland;2022-01-09;4;3380
Midtjylland;2022-01-09;1;3381
Hovedstaden;2022-01-09;6;3387
Sjælland;2022-01-10;3;3390
Nordjylland;2022-01-10;3;3393
Midtjylland;2022-01-10;6;3399
Hovedstaden;2022-01-10;5;3404
Syddanmark;2022-01-11;2;3406
Sjælland;2022-01-11;3;3409
Nordjylland;2022-01-11;0;3409
Midtjylland;2022-01-11;2;3411
Hovedstaden;2022-01-11;11;3422
Syddanmark;2022-01-12;4;3426
Sjælland;2022-01-12;5;3431
Midtjylland;2022-01-12;3;3434
Hovedstaden;2022-01-12;5;3439
Syddanmark;2022-01-13;3;3442
Sjælland;2022-01-13;3;3445
Nordjylland;2022-01-13;1;3446
Midtjylland;2022-01-13;2;3448
Hovedstaden;2022-01-13;6;3454
Syddanmark;2022-01-14;1;3455
Sjælland;2022-01-14;2;3457
Midtjylland;2022-01-14;4;3461
Hovedstaden;2022-01-14;6;3467
Syddanmark;2022-01-15;2;3469
Nordjylland;2022-01-15;2;3471
Hovedstaden;2022-01-15;5;3476
Syddanmark;2022-01-16;1;3477
Sjælland;2022-01-16;2;3479
Nordjylland;2022-01-16;3;3482
Midtjylland;2022-01-16;2;3484
Hovedstaden;2022-01-16;10;3494
Syddanmark;2022-01-17;3;3497
Sjælland;2022-01-17;2;3499
Nordjylland;2022-01-17;1;3500
Midtjylland;2022-01-17;0;3500
Hovedstaden;2022-01-17;5;3505
Syddanmark;2022-01-18;1;3506
Sjælland;2022-01-18;1;3507
Midtjylland;2022-01-18;2;3509
Hovedstaden;2022-01-18;4;3513
Syddanmark;2022-01-19;3;3516
Sjælland;2022-01-19;3;3519
Nordjylland;2022-01-19;3;3522
Midtjylland;2022-01-19;2;3524
Hovedstaden;2022-01-19;14;3538
Syddanmark;2022-01-20;4;3542
Sjælland;2022-01-20;6;3548
Nordjylland;2022-01-20;1;3549
Midtjylland;2022-01-20;4;3553
Hovedstaden;2022-01-20;7;3560
Syddanmark;2022-01-21;4;3564
Sjælland;2022-01-21;2;3566
Nordjylland;2022-01-21;1;3567
Midtjylland;2022-01-21;3;3570
Hovedstaden;2022-01-21;10;3580
Syddanmark;2022-01-22;1;3581
Sjælland;2022-01-22;3;3584
Nordjylland;2022-01-22;2;3586
Midtjylland;2022-01-22;0;3586
Hovedstaden;2022-01-22;4;3590
Syddanmark;2022-01-23;1;3591
Sjælland;2022-01-23;1;3592
Nordjylland;2022-01-23;5;3597
Midtjylland;2022-01-23;3;3600
Hovedstaden;2022-01-23;5;3605
Syddanmark;2022-01-24;3;3608
Sjælland;2022-01-24;2;3610
Nordjylland;2022-01-24;3;3613
Midtjylland;2022-01-24;1;3614
Hovedstaden;2022-01-24;6;3620
Syddanmark;2022-01-25;1;3621
Sjælland;2022-01-25;3;3624
Midtjylland;2022-01-25;5;3629
Hovedstaden;2022-01-25;11;3640
Syddanmark;2022-01-26;7;3647
Sjælland;2022-01-26;3;3650
Nordjylland;2022-01-26;3;3653
Midtjylland;2022-01-26;0;3653
Hovedstaden;2022-01-26;8;3661
Syddanmark;2022-01-27;0;3661
Sjælland;2022-01-27;4;3665
Nordjylland;2022-01-27;2;3667
Midtjylland;2022-01-27;2;3669
Hovedstaden;2022-01-27;10;3679
Syddanmark;2022-01-28;4;3683
Sjælland;2022-01-28;2;3685
Nordjylland;2022-01-28;2;3687
Midtjylland;2022-01-28;3;3690
Hovedstaden;2022-01-28;10;3700
Syddanmark;2022-01-29;2;3702
Sjælland;2022-01-29;2;3704
Nordjylland;2022-01-29;1;3705
Midtjylland;2022-01-29;3;3708
Hovedstaden;2022-01-29;10;3718
Syddanmark;2022-01-30;8;3726
Sjælland;2022-01-30;5;3731
Nordjylland;2022-01-30;1;3732
Midtjylland;2022-01-30;3;3735
Hovedstaden;2022-01-30;7;3742
Syddanmark;2022-01-31;1;3743
Sjælland;2022-01-31;1;3744
Nordjylland;2022-01-31;1;3745
Midtjylland;2022-01-31;4;3749
Hovedstaden;2022-01-31;11;3760
Syddanmark;2022-02-01;4;3764
Sjælland;2022-02-01;4;3768
Nordjylland;2022-02-01;1;3769
Midtjylland;2022-02-01;4;3773
Hovedstaden;2022-02-01;4;3777
Syddanmark;2022-02-02;2;3779
Sjælland;2022-02-02;1;3780
Nordjylland;2022-02-02;1;3781
Midtjylland;2022-02-02;1;3782
Hovedstaden;2022-02-02;5;3787
Syddanmark;2022-02-03;4;3791
Sjælland;2022-02-03;9;3800
Nordjylland;2022-02-03;5;3805
Midtjylland;2022-02-03;2;3807
Hovedstaden;2022-02-03;11;3818
Syddanmark;2022-02-04;4;3822
Sjælland;2022-02-04;4;3826
Nordjylland;2022-02-04;1;3827
Midtjylland;2022-02-04;4;3831
Hovedstaden;2022-02-04;7;3838
Syddanmark;2022-02-05;4;3842
Sjælland;2022-02-05;3;3845
Nordjylland;2022-02-05;2;3847
Midtjylland;2022-02-05;6;3853
Hovedstaden;2022-02-05;6;3859
Syddanmark;2022-02-06;4;3863
Sjælland;2022-02-06;5;3868
Nordjylland;2022-02-06;5;3873
Midtjylland;2022-02-06;3;3876
Hovedstaden;2022-02-06;14;3890
Syddanmark;2022-02-07;8;3898
Sjælland;2022-02-07;4;3902
Nordjylland;2022-02-07;1;3903
Midtjylland;2022-02-07;3;3906
Hovedstaden;2022-02-07;10;3916
Syddanmark;2022-02-08;3;3919
Sjælland;2022-02-08;5;3924
Nordjylland;2022-02-08;3;3927
Midtjylland;2022-02-08;4;3931
Hovedstaden;2022-02-08;7;3938
Syddanmark;2022-02-09;3;3941
Nordjylland;2022-02-09;4;3945
Midtjylland;2022-02-09;6;3951
Hovedstaden;2022-02-09;10;3961
Syddanmark;2022-02-10;13;3974
Sjælland;2022-02-10;2;3976
Nordjylland;2022-02-10;3;3979
Midtjylland;2022-02-10;3;3982
Hovedstaden;2022-02-10;10;3992
Syddanmark;2022-02-11;9;4001
Sjælland;2022-02-11;3;4004
Nordjylland;2022-02-11;2;4006
Midtjylland;2022-02-11;5;4011
Hovedstaden;2022-02-11;10;4021
Syddanmark;2022-02-12;13;4034
Sjælland;2022-02-12;9;4043
Nordjylland;2022-02-12;5;4048
Midtjylland;2022-02-12;5;4053
Hovedstaden;2022-02-12;7;4060
Syddanmark;2022-02-13;11;4071
Sjælland;2022-02-13;5;4076
Nordjylland;2022-02-13;2;4078
Midtjylland;2022-02-13;9;4087
Hovedstaden;2022-02-13;16;4103
Syddanmark;2022-02-14;6;4109
Sjælland;2022-02-14;5;4114
Nordjylland;2022-02-14;0;4114
Midtjylland;2022-02-14;2;4116
Hovedstaden;2022-02-14;11;4127
Syddanmark;2022-02-15;10;4137
Sjælland;2022-02-15;4;4141
Nordjylland;2022-02-15;7;4148
Midtjylland;2022-02-15;4;4152
Hovedstaden;2022-02-15;13;4165
Syddanmark;2022-02-16;12;4177
Sjælland;2022-02-16;3;4180
Nordjylland;2022-02-16;5;4185
Midtjylland;2022-02-16;8;4193
Hovedstaden;2022-02-16;8;4201
Syddanmark;2022-02-17;6;4207
Sjælland;2022-02-17;7;4214
Nordjylland;2022-02-17;1;4215
Midtjylland;2022-02-17;10;4225
Hovedstaden;2022-02-17;7;4232
Syddanmark;2022-02-18;8;4240
Sjælland;2022-02-18;7;4247
Nordjylland;2022-02-18;5;4252
Midtjylland;2022-02-18;4;4256
Hovedstaden;2022-02-18;5;4261
Syddanmark;2022-02-19;8;4269
Sjælland;2022-02-19;5;4274
Nordjylland;2022-02-19;8;4282
Midtjylland;2022-02-19;8;4290
Hovedstaden;2022-02-19;8;4298
Syddanmark;2022-02-20;12;4310
Sjælland;2022-02-20;3;4313
Nordjylland;2022-02-20;5;4318
Midtjylland;2022-02-20;5;4323
Hovedstaden;2022-02-20;10;4333
Syddanmark;2022-02-21;12;4345
Sjælland;2022-02-21;4;4349
Nordjylland;2022-02-21;7;4356
Midtjylland;2022-02-21;6;4362
Hovedstaden;2022-02-21;5;4367
Syddanmark;2022-02-22;11;4378
Sjælland;2022-02-22;12;4390
Nordjylland;2022-02-22;4;4394
Midtjylland;2022-02-22;9;4403
Hovedstaden;2022-02-22;10;4413
Syddanmark;2022-02-23;11;4424
Sjælland;2022-02-23;8;4432
Nordjylland;2022-02-23;7;4439
Midtjylland;2022-02-23;5;4444
Hovedstaden;2022-02-23;7;4451
Syddanmark;2022-02-24;6;4457
Sjælland;2022-02-24;9;4466
Nordjylland;2022-02-24;4;4470
Midtjylland;2022-02-24;8;4478
Hovedstaden;2022-02-24;10;4488
Syddanmark;2022-02-25;11;4499
Sjælland;2022-02-25;10;4509
Nordjylland;2022-02-25;3;4512
Midtjylland;2022-02-25;8;4520
Hovedstaden;2022-02-25;7;4527
Syddanmark;2022-02-26;8;4535
Sjælland;2022-02-26;8;4543
Nordjylland;2022-02-26;4;4547
Midtjylland;2022-02-26;8;4555
Hovedstaden;2022-02-26;16;4571
Syddanmark;2022-02-27;11;4582
Sjælland;2022-02-27;4;4586
Nordjylland;2022-02-27;7;4593
Midtjylland;2022-02-27;10;4603
Hovedstaden;2022-02-27;10;4613
Syddanmark;2022-02-28;7;4620
Sjælland;2022-02-28;8;4628
Nordjylland;2022-02-28;6;4634
Midtjylland;2022-02-28;5;4639
Hovedstaden;2022-02-28;8;4647
Syddanmark;2022-03-01;12;4659
Sjælland;2022-03-01;11;4670
Nordjylland;2022-03-01;3;4673
Midtjylland;2022-03-01;9;4682
Hovedstaden;2022-03-01;8;4690
Syddanmark;2022-03-02;5;4695
Sjælland;2022-03-02;6;4701
Nordjylland;2022-03-02;7;4708
Midtjylland;2022-03-02;10;4718
Hovedstaden;2022-03-02;10;4728
Syddanmark;2022-03-03;10;4738
Sjælland;2022-03-03;6;4744
Nordjylland;2022-03-03;9;4753
Midtjylland;2022-03-03;11;4764
Hovedstaden;2022-03-03;11;4775
Syddanmark;2022-03-04;8;4783
Sjælland;2022-03-04;6;4789
Nordjylland;2022-03-04;12;4801
Midtjylland;2022-03-04;9;4810
Hovedstaden;2022-03-04;13;4823
Syddanmark;2022-03-05;23;4846
Sjælland;2022-03-05;4;4850
Nordjylland;2022-03-05;8;4858
Midtjylland;2022-03-05;6;4864
Hovedstaden;2022-03-05;6;4870
Syddanmark;2022-03-06;11;4881
Sjælland;2022-03-06;5;4886
Nordjylland;2022-03-06;5;4891
Midtjylland;2022-03-06;11;4902
Hovedstaden;2022-03-06;11;4913
Syddanmark;2022-03-07;17;4930
Sjælland;2022-03-07;5;4935
Nordjylland;2022-03-07;7;4942
Midtjylland;2022-03-07;10;4952
Hovedstaden;2022-03-07;7;4959
Syddanmark;2022-03-08;15;4974
Sjælland;2022-03-08;3;4977
Nordjylland;2022-03-08;4;4981
Midtjylland;2022-03-08;6;4987
Hovedstaden;2022-03-08;18;5005
Syddanmark;2022-03-09;6;5011
Sjælland;2022-03-09;4;5015
Nordjylland;2022-03-09;8;5023
Midtjylland;2022-03-09;12;5035
Hovedstaden;2022-03-09;13;5048
Syddanmark;2022-03-10;6;5054
Sjælland;2022-03-10;8;5062
Nordjylland;2022-03-10;3;5065
Midtjylland;2022-03-10;9;5074
Hovedstaden;2022-03-10;8;5082
Syddanmark;2022-03-11;8;5090
Sjælland;2022-03-11;5;5095
Nordjylland;2022-03-11;1;5096
Midtjylland;2022-03-11;10;5106
Hovedstaden;2022-03-11;8;5114
Syddanmark;2022-03-12;10;5124
Sjælland;2022-03-12;7;5131
Nordjylland;2022-03-12;5;5136
Midtjylland;2022-03-12;15;5151
Hovedstaden;2022-03-12;9;5160
Syddanmark;2022-03-13;12;5172
Sjælland;2022-03-13;4;5176
Nordjylland;2022-03-13;2;5178
Midtjylland;2022-03-13;5;5183
Hovedstaden;2022-03-13;7;5190
Syddanmark;2022-03-14;14;5204
Sjælland;2022-03-14;5;5209
Nordjylland;2022-03-14;4;5213
Midtjylland;2022-03-14;6;5219
Hovedstaden;2022-03-14;5;5224
Syddanmark;2022-03-15;10;5234
Sjælland;2022-03-15;3;5237
Nordjylland;2022-03-15;10;5247
Midtjylland;2022-03-15;7;5254
Hovedstaden;2022-03-15;12;5266
Syddanmark;2022-03-16;7;5273
Sjælland;2022-03-16;4;5277
Nordjylland;2022-03-16;6;5283
Midtjylland;2022-03-16;5;5288
Hovedstaden;2022-03-16;6;5294
Syddanmark;2022-03-17;4;5298
Sjælland;2022-03-17;8;5306
Nordjylland;2022-03-17;6;5312
Midtjylland;2022-03-17;6;5318
Hovedstaden;2022-03-17;11;5329
Syddanmark;2022-03-18;11;5340
Sjælland;2022-03-18;6;5346
Nordjylland;2022-03-18;2;5348
Midtjylland;2022-03-18;6;5354
Hovedstaden;2022-03-18;5;5359
Syddanmark;2022-03-19;6;5365
Sjælland;2022-03-19;6;5371
Nordjylland;2022-03-19;8;5379
Midtjylland;2022-03-19;2;5381
Hovedstaden;2022-03-19;3;5384
Syddanmark;2022-03-20;15;5399
Sjælland;2022-03-20;5;5404
Nordjylland;2022-03-20;9;5413
Midtjylland;2022-03-20;5;5418
Hovedstaden;2022-03-20;2;5420
Syddanmark;2022-03-21;6;5426
Sjælland;2022-03-21;5;5431
Nordjylland;2022-03-21;2;5433
Midtjylland;2022-03-21;3;5436
Hovedstaden;2022-03-21;4;5440
Syddanmark;2022-03-22;12;5452
Sjælland;2022-03-22;6;5458
Nordjylland;2022-03-22;3;5461
Midtjylland;2022-03-22;3;5464
Hovedstaden;2022-03-22;5;5469
Syddanmark;2022-03-23;5;5474
Sjælland;2022-03-23;3;5477
Nordjylland;2022-03-23;3;5480
Midtjylland;2022-03-23;10;5490
Hovedstaden;2022-03-23;9;5499
Syddanmark;2022-03-24;11;5510
Sjælland;2022-03-24;9;5519
Nordjylland;2022-03-24;2;5521
Midtjylland;2022-03-24;3;5524
Hovedstaden;2022-03-24;5;5529
Syddanmark;2022-03-25;6;5535
Sjælland;2022-03-25;4;5539
Nordjylland;2022-03-25;9;5548
Midtjylland;2022-03-25;5;5553
Hovedstaden;2022-03-25;12;5565
Syddanmark;2022-03-26;11;5576
Sjælland;2022-03-26;2;5578
Nordjylland;2022-03-26;6;5584
Midtjylland;2022-03-26;2;5586
Hovedstaden;2022-03-26;5;5591
Syddanmark;2022-03-27;6;5597
Sjælland;2022-03-27;5;5602
Nordjylland;2022-03-27;4;5606
Midtjylland;2022-03-27;4;5610
Hovedstaden;2022-03-27;8;5618
Syddanmark;2022-03-28;6;5624
Sjælland;2022-03-28;2;5626
Nordjylland;2022-03-28;3;5629
Midtjylland;2022-03-28;1;5630
Hovedstaden;2022-03-28;3;5633
Syddanmark;2022-03-29;8;5641
Sjælland;2022-03-29;3;5644
Nordjylland;2022-03-29;4;5648
Midtjylland;2022-03-29;2;5650
Hovedstaden;2022-03-29;6;5656
Syddanmark;2022-03-30;4;5660
Sjælland;2022-03-30;1;5661
Nordjylland;2022-03-30;4;5665
Midtjylland;2022-03-30;3;5668
Hovedstaden;2022-03-30;7;5675
Syddanmark;2022-03-31;3;5678
Sjælland;2022-03-31;7;5685
Nordjylland;2022-03-31;5;5690
Midtjylland;2022-03-31;6;5696
Hovedstaden;2022-03-31;5;5701
Syddanmark;2022-04-01;3;5704
Sjælland;2022-04-01;2;5706
Nordjylland;2022-04-01;2;5708
Midtjylland;2022-04-01;9;5717
Hovedstaden;2022-04-01;5;5722
Syddanmark;2022-04-02;4;5726
Sjælland;2022-04-02;0;5726
Nordjylland;2022-04-02;0;5726
Midtjylland;2022-04-02;4;5730
Hovedstaden;2022-04-02;6;5736
Syddanmark;2022-04-03;4;5740
Sjælland;2022-04-03;2;5742
Nordjylland;2022-04-03;1;5743
Midtjylland;2022-04-03;5;5748
Hovedstaden;2022-04-03;6;5754
Syddanmark;2022-04-04;9;5763
Sjælland;2022-04-04;5;5768
Nordjylland;2022-04-04;2;5770
Midtjylland;2022-04-04;5;5775
Hovedstaden;2022-04-04;2;5777
Syddanmark;2022-04-05;5;5782
Sjælland;2022-04-05;4;5786
Nordjylland;2022-04-05;3;5789
Midtjylland;2022-04-05;0;5789
Hovedstaden;2022-04-05;4;5793
Syddanmark;2022-04-06;7;5800
Sjælland;2022-04-06;2;5802
Nordjylland;2022-04-06;3;5805
Midtjylland;2022-04-06;6;5811
Hovedstaden;2022-04-06;3;5814
Syddanmark;2022-04-07;10;5824
Sjælland;2022-04-07;3;5827
Nordjylland;2022-04-07;0;5827
Midtjylland;2022-04-07;7;5834
Hovedstaden;2022-04-07;6;5840
Syddanmark;2022-04-08;3;5843
Sjælland;2022-04-08;5;5848
Nordjylland;2022-04-08;4;5852
Midtjylland;2022-04-08;1;5853
Hovedstaden;2022-04-08;6;5859
Syddanmark;2022-04-09;6;5865
Sjælland;2022-04-09;3;5868
Nordjylland;2022-04-09;4;5872
Midtjylland;2022-04-09;3;5875
Hovedstaden;2022-04-09;5;5880
Syddanmark;2022-04-10;3;5883
Sjælland;2022-04-10;4;5887
Nordjylland;2022-04-10;1;5888
Midtjylland;2022-04-10;2;5890
Hovedstaden;2022-04-10;7;5897
Syddanmark;2022-04-11;6;5903
Sjælland;2022-04-11;2;5905
Nordjylland;2022-04-11;1;5906
Midtjylland;2022-04-11;2;5908
Hovedstaden;2022-04-11;2;5910
Syddanmark;2022-04-12;5;5915
Nordjylland;2022-04-12;3;5918
Midtjylland;2022-04-12;2;5920
Hovedstaden;2022-04-12;3;5923
Syddanmark;2022-04-13;6;5929
Sjælland;2022-04-13;0;5929
Nordjylland;2022-04-13;3;5932
Midtjylland;2022-04-13;5;5937
Hovedstaden;2022-04-13;0;5937
Syddanmark;2022-04-14;3;5940
Sjælland;2022-04-14;1;5941
Nordjylland;2022-04-14;0;5941
Midtjylland;2022-04-14;2;5943
Hovedstaden;2022-04-14;4;5947
Syddanmark;2022-04-15;3;5950
Sjælland;2022-04-15;3;5953
Nordjylland;2022-04-15;2;5955
Midtjylland;2022-04-15;2;5957
Hovedstaden;2022-04-15;4;5961
Syddanmark;2022-04-16;4;5965
Sjælland;2022-04-16;0;5965
Nordjylland;2022-04-16;3;5968
Midtjylland;2022-04-16;3;5971
Hovedstaden;2022-04-16;3;5974
Syddanmark;2022-04-17;3;5977
Sjælland;2022-04-17;3;5980
Nordjylland;2022-04-17;0;5980
Midtjylland;2022-04-17;2;5982
Hovedstaden;2022-04-17;3;5985
Syddanmark;2022-04-18;7;5992
Sjælland;2022-04-18;5;5997
Nordjylland;2022-04-18;0;5997
Midtjylland;2022-04-18;1;5998
Hovedstaden;2022-04-18;2;6000
Syddanmark;2022-04-19;3;6003
Sjælland;2022-04-19;2;6005
Nordjylland;2022-04-19;2;6007
Midtjylland;2022-04-19;0;6007
Hovedstaden;2022-04-19;4;6011
Syddanmark;2022-04-20;3;6014
Sjælland;2022-04-20;0;6014
Nordjylland;2022-04-20;1;6015
Midtjylland;2022-04-20;2;6017
Hovedstaden;2022-04-20;3;6020
Syddanmark;2022-04-21;5;6025
Sjælland;2022-04-21;0;6025
Nordjylland;2022-04-21;0;6025
Midtjylland;2022-04-21;5;6030
Hovedstaden;2022-04-21;2;6032
Syddanmark;2022-04-22;4;6036
Sjælland;2022-04-22;3;6039
Nordjylland;2022-04-22;0;6039
Midtjylland;2022-04-22;2;6041
Hovedstaden;2022-04-22;1;6042
Syddanmark;2022-04-23;6;6048
Sjælland;2022-04-23;3;6051
Nordjylland;2022-04-23;3;6054
Midtjylland;2022-04-23;0;6054
Hovedstaden;2022-04-23;4;6058
Syddanmark;2022-04-24;7;6065
Sjælland;2022-04-24;2;6067
Nordjylland;2022-04-24;3;6070
Midtjylland;2022-04-24;2;6072
Hovedstaden;2022-04-24;3;6075
Syddanmark;2022-04-25;2;6077
Sjælland;2022-04-25;5;6082
Nordjylland;2022-04-25;1;6083
Midtjylland;2022-04-25;1;6084
Hovedstaden;2022-04-25;1;6085
Syddanmark;2022-04-26;3;6088
Sjælland;2022-04-26;3;6091
Nordjylland;2022-04-26;0;6091
Midtjylland;2022-04-26;1;6092
Hovedstaden;2022-04-26;3;6095
Syddanmark;2022-04-27;4;6099
Sjælland;2022-04-27;1;6100
Nordjylland;2022-04-27;3;6103
Midtjylland;2022-04-27;3;6106
Hovedstaden;2022-04-27;1;6107
Syddanmark;2022-04-28;1;6108
Sjælland;2022-04-28;2;6110
Nordjylland;2022-04-28;1;6111
Midtjylland;2022-04-28;1;6112
Hovedstaden;2022-04-28;3;6115
Syddanmark;2022-04-29;1;6116
Sjælland;2022-04-29;2;6118
Nordjylland;2022-04-29;0;6118
Midtjylland;2022-04-29;1;6119
Hovedstaden;2022-04-29;6;6125
Syddanmark;2022-04-30;5;6130
Sjælland;2022-04-30;5;6135
Nordjylland;2022-04-30;0;6135
Midtjylland;2022-04-30;1;6136
Hovedstaden;2022-04-30;4;6140
Syddanmark;2022-05-01;7;6147
Sjælland;2022-05-01;0;6147
Nordjylland;2022-05-01;2;6149
Midtjylland;2022-05-01;1;6150
Hovedstaden;2022-05-01;3;6153
Syddanmark;2022-05-02;4;6157
Sjælland;2022-05-02;3;6160
Nordjylland;2022-05-02;1;6161
Midtjylland;2022-05-02;1;6162
Hovedstaden;2022-05-02;2;6164
Syddanmark;2022-05-03;3;6167
Sjælland;2022-05-03;4;6171
Nordjylland;2022-05-03;1;6172
Midtjylland;2022-05-03;2;6174
Hovedstaden;2022-05-03;5;6179
Nordjylland;2022-05-04;2;6181
Midtjylland;2022-05-04;2;6183
Hovedstaden;2022-05-04;5;6188
Syddanmark;2022-05-04;1;6189
Sjælland;2022-05-04;1;6190
Syddanmark;2022-05-05;1;6191
Sjælland;2022-05-05;1;6192
Nordjylland;2022-05-05;0;6192
Midtjylland;2022-05-05;1;6193
Hovedstaden;2022-05-05;4;6197
Syddanmark;2022-05-06;0;6197
Sjælland;2022-05-06;1;6198
Nordjylland;2022-05-06;0;6198
Midtjylland;2022-05-06;1;6199
Hovedstaden;2022-05-06;2;6201
Syddanmark;2022-05-07;1;6202
Sjælland;2022-05-07;2;6204
Nordjylland;2022-05-07;1;6205
Midtjylland;2022-05-07;0;6205
Hovedstaden;2022-05-07;1;6206
Syddanmark;2022-05-08;0;6206
Sjælland;2022-05-08;1;6207
Nordjylland;2022-05-08;1;6208
Midtjylland;2022-05-08;0;6208
Hovedstaden;2022-05-08;4;6212
Syddanmark;2022-05-09;1;6213
Sjælland;2022-05-09;2;6215
Nordjylland;2022-05-09;3;6218
Midtjylland;2022-05-09;1;6219
Hovedstaden;2022-05-09;4;6223
Syddanmark;2022-05-10;2;6225
Sjælland;2022-05-10;0;6225
Nordjylland;2022-05-10;0;6225
Midtjylland;2022-05-10;1;6226
Hovedstaden;2022-05-10;4;6230
Syddanmark;2022-05-11;4;6234
Midtjylland;2022-05-11;1;6235
Hovedstaden;2022-05-11;4;6239
Syddanmark;2022-05-12;1;6240
Sjælland;2022-05-12;0;6240
Nordjylland;2022-05-12;2;6242
Midtjylland;2022-05-12;1;6243
Hovedstaden;2022-05-12;2;6245
Syddanmark;2022-05-13;0;6245
Sjælland;2022-05-13;1;6246
Nordjylland;2022-05-13;2;6248
Midtjylland;2022-05-13;1;6249
Hovedstaden;2022-05-13;2;6251
Syddanmark;2022-05-14;0;6251
Sjælland;2022-05-14;0;6251
Nordjylland;2022-05-14;2;6253
Midtjylland;2022-05-14;1;6254
Hovedstaden;2022-05-14;2;6256
Syddanmark;2022-05-15;1;6257
Sjælland;2022-05-15;1;6258
Nordjylland;2022-05-15;0;6258
Hovedstaden;2022-05-15;1;6259
Syddanmark;2022-05-16;2;6261
Sjælland;2022-05-16;1;6262
Nordjylland;2022-05-16;2;6264
Hovedstaden;2022-05-16;4;6268
Syddanmark;2022-05-17;1;6269
Sjælland;2022-05-17;1;6270
Nordjylland;2022-05-17;1;6271
Midtjylland;2022-05-17;0;6271
Hovedstaden;2022-05-17;1;6272
Syddanmark;2022-05-18;2;6274
Sjælland;2022-05-18;2;6276
Nordjylland;2022-05-18;2;6278
Midtjylland;2022-05-18;2;6280
Hovedstaden;2022-05-18;2;6282
Syddanmark;2022-05-19;1;6283
Sjælland;2022-05-19;1;6284
Nordjylland;2022-05-19;2;6286
Midtjylland;2022-05-19;0;6286
Hovedstaden;2022-05-19;0;6286
Syddanmark;2022-05-20;2;6288
Sjælland;2022-05-20;0;6288
Nordjylland;2022-05-20;1;6289
Midtjylland;2022-05-20;0;6289
Hovedstaden;2022-05-20;1;6290
Syddanmark;2022-05-21;0;6290
Sjælland;2022-05-21;0;6290
Nordjylland;2022-05-21;0;6290
Midtjylland;2022-05-21;2;6292
Hovedstaden;2022-05-21;0;6292
Syddanmark;2022-05-22;2;6294
Sjælland;2022-05-22;1;6295
Nordjylland;2022-05-22;1;6296
Hovedstaden;2022-05-22;1;6297
Syddanmark;2022-05-23;1;6298
Sjælland;2022-05-23;0;6298
Nordjylland;2022-05-23;1;6299
Midtjylland;2022-05-23;0;6299
Hovedstaden;2022-05-23;2;6301
Syddanmark;2022-05-24;1;6302
Sjælland;2022-05-24;0;6302
Nordjylland;2022-05-24;1;6303
Midtjylland;2022-05-24;0;6303
Hovedstaden;2022-05-24;1;6304
Syddanmark;2022-05-25;1;6305
Sjælland;2022-05-25;1;6306
Midtjylland;2022-05-25;2;6308
Hovedstaden;2022-05-25;1;6309
Syddanmark;2022-05-26;0;6309
Sjælland;2022-05-26;0;6309
Nordjylland;2022-05-26;0;6309
Hovedstaden;2022-05-26;0;6309
Syddanmark;2022-05-27;1;6310
Sjælland;2022-05-27;1;6311
Nordjylland;2022-05-27;3;6314
Midtjylland;2022-05-27;2;6316
Hovedstaden;2022-05-27;1;6317
Syddanmark;2022-05-28;1;6318
Sjælland;2022-05-28;1;6319
Nordjylland;2022-05-28;1;6320
Hovedstaden;2022-05-28;1;6321
Syddanmark;2022-05-29;0;6321
Sjælland;2022-05-29;1;6322
Midtjylland;2022-05-29;0;6322
Hovedstaden;2022-05-29;1;6323
Syddanmark;2022-05-30;2;6325
Sjælland;2022-05-30;2;6327
Nordjylland;2022-05-30;2;6329
Hovedstaden;2022-05-30;1;6330
Syddanmark;2022-05-31;1;6331
Nordjylland;2022-05-31;0;6331
Midtjylland;2022-05-31;0;6331
Hovedstaden;2022-05-31;0;6331
Syddanmark;2022-06-01;2;6333
Midtjylland;2022-06-01;0;6333
Hovedstaden;2022-06-01;4;6337
Syddanmark;2022-06-02;1;6338
Sjælland;2022-06-02;1;6339
Midtjylland;2022-06-02;1;6340
Hovedstaden;2022-06-02;0;6340
Syddanmark;2022-06-03;2;6342
Sjælland;2022-06-03;0;6342
Nordjylland;2022-06-03;0;6342
Midtjylland;2022-06-03;1;6343
Hovedstaden;2022-06-03;0;6343
Syddanmark;2022-06-04;0;6343
Sjælland;2022-06-04;0;6343
Nordjylland;2022-06-04;1;6344
Midtjylland;2022-06-04;1;6345
Hovedstaden;2022-06-04;0;6345
Syddanmark;2022-06-05;0;6345
Sjælland;2022-06-05;1;6346
Midtjylland;2022-06-05;1;6347
Hovedstaden;2022-06-05;3;6350
Syddanmark;2022-06-06;2;6352
Hovedstaden;2022-06-06;1;6353
Syddanmark;2022-06-07;0;6353
Sjælland;2022-06-07;0;6353
Nordjylland;2022-06-07;2;6355
Midtjylland;2022-06-07;0;6355
Hovedstaden;2022-06-07;1;6356
Syddanmark;2022-06-08;1;6357
Sjælland;2022-06-08;1;6358
Nordjylland;2022-06-08;1;6359
Midtjylland;2022-06-08;2;6361
Syddanmark;2022-06-09;0;6361
Sjælland;2022-06-09;2;6363
Nordjylland;2022-06-09;0;6363
Midtjylland;2022-06-09;2;6365
Hovedstaden;2022-06-09;1;6366
Syddanmark;2022-06-10;0;6366
Nordjylland;2022-06-10;0;6366
Midtjylland;2022-06-10;1;6367
Hovedstaden;2022-06-10;1;6368
Syddanmark;2022-06-11;1;6369
Sjælland;2022-06-11;1;6370
Midtjylland;2022-06-11;1;6371
Hovedstaden;2022-06-11;2;6373
Syddanmark;2022-06-12;0;6373
Sjælland;2022-06-12;1;6374
Midtjylland;2022-06-12;1;6375
Hovedstaden;2022-06-12;1;6376
Syddanmark;2022-06-13;0;6376
Midtjylland;2022-06-13;1;6377
Hovedstaden;2022-06-13;2;6379
Syddanmark;2022-06-14;2;6381
Sjælland;2022-06-14;0;6381
Nordjylland;2022-06-14;0;6381
Hovedstaden;2022-06-14;0;6381
Syddanmark;2022-06-15;0;6381
Sjælland;2022-06-15;1;6382
Syddanmark;2022-06-16;1;6383
Sjælland;2022-06-16;0;6383
Syddanmark;2022-06-17;2;6385
Hovedstaden;2022-06-17;1;6386
Sjælland;2022-06-18;1;6387
Nordjylland;2022-06-18;1;6388
Hovedstaden;2022-06-18;1;6389
Syddanmark;2022-06-19;1;6390
Hovedstaden;2022-06-19;1;6391
Syddanmark;2022-06-20;1;6392
Hovedstaden;2022-06-20;1;6393
Syddanmark;2022-06-21;1;6394
Sjælland;2022-06-21;2;6396
Syddanmark;2022-06-22;1;6397
Sjælland;2022-06-22;1;6398
Midtjylland;2022-06-22;1;6399
Hovedstaden;2022-06-22;1;6400
Syddanmark;2022-06-23;2;6402
Sjælland;2022-06-23;1;6403
Midtjylland;2022-06-23;1;6404
Hovedstaden;2022-06-23;3;6407
Syddanmark;2022-06-24;1;6408
Hovedstaden;2022-06-24;5;6413
Syddanmark;2022-06-25;2;6415
Sjælland;2022-06-25;1;6416
Hovedstaden;2022-06-25;4;6420
Syddanmark;2022-06-26;0;6420
Sjælland;2022-06-26;1;6421
Nordjylland;2022-06-26;0;6421
Midtjylland;2022-06-26;0;6421
Hovedstaden;2022-06-26;0;6421
Syddanmark;2022-06-27;0;6421
Sjælland;2022-06-27;2;6423
Nordjylland;2022-06-27;0;6423
Midtjylland;2022-06-27;1;6424
Hovedstaden;2022-06-27;2;6426
Syddanmark;2022-06-28;2;6428
Midtjylland;2022-06-28;1;6429
Hovedstaden;2022-06-28;2;6431
Syddanmark;2022-06-29;1;6432
Sjælland;2022-06-29;2;6434
Midtjylland;2022-06-29;1;6435
Hovedstaden;2022-06-29;1;6436
Syddanmark;2022-06-30;0;6436
Sjælland;2022-06-30;0;6436
Midtjylland;2022-06-30;1;6437
Hovedstaden;2022-06-30;0;6437
Syddanmark;2022-07-01;1;6438
Nordjylland;2022-07-01;1;6439
Hovedstaden;2022-07-01;2;6441
Sjælland;2022-07-02;2;6443
Nordjylland;2022-07-02;1;6444
Hovedstaden;2022-07-02;2;6446
Syddanmark;2022-07-03;3;6449
Sjælland;2022-07-03;0;6449
Nordjylland;2022-07-03;2;6451
Hovedstaden;2022-07-03;4;6455
Syddanmark;2022-07-04;0;6455
Midtjylland;2022-07-04;2;6457
Hovedstaden;2022-07-04;2;6459
Syddanmark;2022-07-05;2;6461
Sjælland;2022-07-05;1;6462
Midtjylland;2022-07-05;1;6463
Hovedstaden;2022-07-05;1;6464
Syddanmark;2022-07-06;1;6465
Sjælland;2022-07-06;3;6468
Hovedstaden;2022-07-06;2;6470
Syddanmark;2022-07-07;1;6471
Nordjylland;2022-07-07;1;6472
Midtjylland;2022-07-07;0;6472
Hovedstaden;2022-07-07;2;6474
Syddanmark;2022-07-08;3;6477
Sjælland;2022-07-08;1;6478
Midtjylland;2022-07-08;2;6480
Hovedstaden;2022-07-08;3;6483
Syddanmark;2022-07-09;2;6485
Sjælland;2022-07-09;1;6486
Midtjylland;2022-07-09;1;6487
Hovedstaden;2022-07-09;1;6488
Syddanmark;2022-07-10;1;6489
Midtjylland;2022-07-10;1;6490
Hovedstaden;2022-07-10;2;6492
Syddanmark;2022-07-11;2;6494
Sjælland;2022-07-11;1;6495
Syddanmark;2022-07-12;1;6496
Nordjylland;2022-07-12;2;6498
Hovedstaden;2022-07-12;1;6499
Syddanmark;2022-07-13;1;6500
Sjælland;2022-07-13;2;6502
Nordjylland;2022-07-13;0;6502
Midtjylland;2022-07-13;1;6503
Hovedstaden;2022-07-13;5;6508
Syddanmark;2022-07-14;3;6511
Sjælland;2022-07-14;1;6512
Midtjylland;2022-07-14;1;6513
Hovedstaden;2022-07-14;2;6515
Syddanmark;2022-07-15;2;6517
Sjælland;2022-07-15;1;6518
Syddanmark;2022-07-16;2;6520
Hovedstaden;2022-07-16;1;6521
Syddanmark;2022-07-17;0;6521
Sjælland;2022-07-17;1;6522
Midtjylland;2022-07-17;1;6523
Hovedstaden;2022-07-17;3;6526
Syddanmark;2022-07-18;1;6527
Nordjylland;2022-07-18;1;6528
Hovedstaden;2022-07-18;1;6529
Syddanmark;2022-07-19;4;6533
Nordjylland;2022-07-19;1;6534
Midtjylland;2022-07-19;1;6535
Hovedstaden;2022-07-19;4;6539
Syddanmark;2022-07-20;1;6540
Sjælland;2022-07-20;1;6541
Midtjylland;2022-07-20;1;6542
Hovedstaden;2022-07-20;4;6546
Syddanmark;2022-07-21;2;6548
Sjælland;2022-07-21;1;6549
Midtjylland;2022-07-21;1;6550
Hovedstaden;2022-07-21;3;6553
Syddanmark;2022-07-22;1;6554
Sjælland;2022-07-22;1;6555
Nordjylland;2022-07-22;1;6556
Midtjylland;2022-07-22;1;6557
Hovedstaden;2022-07-22;3;6560
Syddanmark;2022-07-23;3;6563
Nordjylland;2022-07-23;1;6564
Midtjylland;2022-07-23;2;6566
Hovedstaden;2022-07-23;3;6569
Syddanmark;2022-07-24;1;6570
Sjælland;2022-07-24;1;6571
Nordjylland;2022-07-24;1;6572
Midtjylland;2022-07-24;2;6574
Hovedstaden;2022-07-24;2;6576
Syddanmark;2022-07-25;2;6578
Sjælland;2022-07-25;3;6581
Midtjylland;2022-07-25;0;6581
Hovedstaden;2022-07-25;4;6585
Syddanmark;2022-07-26;1;6586
Sjælland;2022-07-26;1;6587
Hovedstaden;2022-07-26;1;6588
Syddanmark;2022-07-27;2;6590
Sjælland;2022-07-27;2;6592
Nordjylland;2022-07-27;2;6594
Midtjylland;2022-07-27;1;6595
Hovedstaden;2022-07-27;1;6596
Syddanmark;2022-07-28;5;6601
Sjælland;2022-07-28;1;6602
Nordjylland;2022-07-28;2;6604
Midtjylland;2022-07-28;1;6605
Hovedstaden;2022-07-28;1;6606
Syddanmark;2022-07-29;1;6607
Nordjylland;2022-07-29;1;6608
Midtjylland;2022-07-29;1;6609
Hovedstaden;2022-07-29;4;6613
Syddanmark;2022-07-30;3;6616
Sjælland;2022-07-30;0;6616
Nordjylland;2022-07-30;2;6618
Midtjylland;2022-07-30;1;6619
Hovedstaden;2022-07-30;6;6625
Syddanmark;2022-07-31;5;6630
Sjælland;2022-07-31;1;6631
Nordjylland;2022-07-31;1;6632
Midtjylland;2022-07-31;3;6635
Hovedstaden;2022-07-31;3;6638
Syddanmark;2022-08-01;1;6639
Sjælland;2022-08-01;1;6640
Nordjylland;2022-08-01;1;6641
Hovedstaden;2022-08-01;5;6646
Syddanmark;2022-08-02;3;6649
Midtjylland;2022-08-02;2;6651
Hovedstaden;2022-08-02;3;6654
Syddanmark;2022-08-03;1;6655
Sjælland;2022-08-03;0;6655
Nordjylland;2022-08-03;4;6659
Midtjylland;2022-08-03;2;6661
Hovedstaden;2022-08-03;8;6669
Syddanmark;2022-08-04;4;6673
Sjælland;2022-08-04;6;6679
Nordjylland;2022-08-04;2;6681
Midtjylland;2022-08-04;3;6684
Hovedstaden;2022-08-04;2;6686
Syddanmark;2022-08-05;4;6690
Nordjylland;2022-08-05;0;6690
Hovedstaden;2022-08-05;6;6696
Syddanmark;2022-08-06;2;6698
Midtjylland;2022-08-06;4;6702
Hovedstaden;2022-08-06;4;6706
Syddanmark;2022-08-07;3;6709
Sjælland;2022-08-07;3;6712
Midtjylland;2022-08-07;3;6715
Hovedstaden;2022-08-07;3;6718
Syddanmark;2022-08-08;3;6721
Nordjylland;2022-08-08;1;6722
Hovedstaden;2022-08-08;2;6724
Syddanmark;2022-08-09;2;6726
Sjælland;2022-08-09;3;6729
Nordjylland;2022-08-09;1;6730
Midtjylland;2022-08-09;2;6732
Hovedstaden;2022-08-09;6;6738
Syddanmark;2022-08-10;0;6738
Sjælland;2022-08-10;1;6739
Nordjylland;2022-08-10;3;6742
Hovedstaden;2022-08-10;4;6746
Syddanmark;2022-08-11;4;6750
Nordjylland;2022-08-11;1;6751
Midtjylland;2022-08-11;1;6752
Hovedstaden;2022-08-11;4;6756
Syddanmark;2022-08-12;1;6757
Sjælland;2022-08-12;1;6758
Nordjylland;2022-08-12;0;6758
Midtjylland;2022-08-12;3;6761
Hovedstaden;2022-08-12;2;6763
Sjælland;2022-08-13;3;6766
Nordjylland;2022-08-13;1;6767
Midtjylland;2022-08-13;2;6769
Hovedstaden;2022-08-13;1;6770
Syddanmark;2022-08-14;3;6773
Sjælland;2022-08-14;7;6780
Nordjylland;2022-08-14;1;6781
Midtjylland;2022-08-14;1;6782
Hovedstaden;2022-08-14;1;6783
Syddanmark;2022-08-15;2;6785
Nordjylland;2022-08-15;2;6787
Midtjylland;2022-08-15;3;6790
Hovedstaden;2022-08-15;2;6792
Syddanmark;2022-08-16;1;6793
Sjælland;2022-08-16;0;6793
Nordjylland;2022-08-16;0;6793
Midtjylland;2022-08-16;2;6795
Hovedstaden;2022-08-16;1;6796
Syddanmark;2022-08-17;0;6796
Sjælland;2022-08-17;0;6796
Nordjylland;2022-08-17;1;6797
Hovedstaden;2022-08-17;2;6799
Syddanmark;2022-08-18;3;6802
Sjælland;2022-08-18;1;6803
Nordjylland;2022-08-18;0;6803
Midtjylland;2022-08-18;1;6804
Hovedstaden;2022-08-18;4;6808
Syddanmark;2022-08-19;1;6809
Sjælland;2022-08-19;1;6810
Midtjylland;2022-08-19;1;6811
Hovedstaden;2022-08-19;4;6815
Syddanmark;2022-08-20;4;6819
Midtjylland;2022-08-20;2;6821
Hovedstaden;2022-08-20;3;6824
Sjælland;2022-08-21;2;6826
Hovedstaden;2022-08-21;3;6829
Syddanmark;2022-08-22;2;6831
Sjælland;2022-08-22;2;6833
Nordjylland;2022-08-22;2;6835
Hovedstaden;2022-08-22;1;6836
Syddanmark;2022-08-23;2;6838
Sjælland;2022-08-23;3;6841
Nordjylland;2022-08-23;1;6842
Midtjylland;2022-08-23;3;6845
Syddanmark;2022-08-24;1;6846
Hovedstaden;2022-08-24;3;6849
Syddanmark;2022-08-25;2;6851
Sjælland;2022-08-25;0;6851
Midtjylland;2022-08-25;1;6852
Hovedstaden;2022-08-25;3;6855
Syddanmark;2022-08-26;3;6858
Sjælland;2022-08-26;1;6859
Nordjylland;2022-08-26;1;6860
Hovedstaden;2022-08-26;4;6864
Syddanmark;2022-08-27;1;6865
Nordjylland;2022-08-27;0;6865
Midtjylland;2022-08-27;2;6867
Hovedstaden;2022-08-27;1;6868
Syddanmark;2022-08-28;0;6868
Nordjylland;2022-08-28;1;6869
Midtjylland;2022-08-28;3;6872
Hovedstaden;2022-08-28;2;6874
Syddanmark;2022-08-29;4;6878
Midtjylland;2022-08-29;2;6880
Hovedstaden;2022-08-29;3;6883
Sjælland;2022-08-30;1;6884
Midtjylland;2022-08-30;2;6886
Hovedstaden;2022-08-30;3;6889
Syddanmark;2022-08-31;4;6893
Sjælland;2022-08-31;1;6894
Midtjylland;2022-08-31;1;6895
Hovedstaden;2022-08-31;1;6896
Syddanmark;2022-09-01;0;6896
Sjælland;2022-09-01;1;6897
Nordjylland;2022-09-01;0;6897
Midtjylland;2022-09-01;0;6897
Hovedstaden;2022-09-01;0;6897
Syddanmark;2022-09-02;2;6899
Sjælland;2022-09-02;1;6900
Nordjylland;2022-09-02;0;6900
Midtjylland;2022-09-02;2;6902
Hovedstaden;2022-09-02;2;6904
Syddanmark;2022-09-03;1;6905
Sjælland;2022-09-03;1;6906
Nordjylland;2022-09-03;2;6908
Midtjylland;2022-09-03;1;6909
Hovedstaden;2022-09-03;1;6910
Syddanmark;2022-09-04;1;6911
Sjælland;2022-09-04;5;6916
Nordjylland;2022-09-04;0;6916
Midtjylland;2022-09-04;0;6916
Hovedstaden;2022-09-04;0;6916
Syddanmark;2022-09-05;2;6918
Sjælland;2022-09-05;0;6918
Midtjylland;2022-09-05;1;6919
Hovedstaden;2022-09-05;1;6920
Nordjylland;2022-09-06;2;6922
Midtjylland;2022-09-06;1;6923
Hovedstaden;2022-09-06;0;6923
Sjælland;2022-09-07;0;6923
Midtjylland;2022-09-07;1;6924
Hovedstaden;2022-09-07;0;6924
Syddanmark;2022-09-08;1;6925
Sjælland;2022-09-08;1;6926
Hovedstaden;2022-09-08;1;6927
;2022-09-09;0;6927
